County,State,FIPS County Code,2009 Prescribing Rate
"Aleutians East, AK",AK,2013,–
"Aleutians West, AK",AK,2016,–
"Anchorage, AK",AK,2020,74.6
"Bethel, AK",AK,2050,–
"Bristol Bay, AK",AK,2060,–
"Denali, AK",AK,2068,–
"Dillingham, AK",AK,2070,–
"Fairbanks North Star, AK",AK,2090,57.1
"Haines, AK",AK,2100,–
"Hoonah-Angoon, AK",AK,2105,–
"Juneau, AK",AK,2110,99.4
"Kenai Peninsula, AK",AK,2122,103.1
"Ketchikan Gateway, AK",AK,2130,136
"Kodiak Island, AK",AK,2150,79.9
"Lake and Peninsula, AK",AK,2164,–
"Matanuska-Susitna, AK",AK,2170,85.9
"Nome, AK",AK,2180,–
"North Slope, AK",AK,2185,–
"Northwest Arctic, AK",AK,2188,–
"Petersburg, AK",AK,2195,116.7
"Prince of Wales-Hyder, AK",AK,2198,–
"Sitka, AK",AK,2220,–
"Skagway, AK",AK,2230,–
"Southeast Fairbanks, AK",AK,2240,–
"Valdez-Cordova, AK",AK,2261,61.8
"Wade Hampton, AK",AK,2270,–
"Wrangell, AK",AK,2275,12
"Yakutat, AK",AK,2282,–
"Yukon-Koyukuk, AK",AK,2290,–
"Autauga, AL",AL,1001,147.5
"Baldwin, AL",AL,1003,143.9
"Barbour, AL",AL,1005,88.5
"Bibb, AL",AL,1007,109.6
"Blount, AL",AL,1009,56.2
"Bullock, AL",AL,1011,46.3
"Butler, AL",AL,1013,121.2
"Calhoun, AL",AL,1015,175.9
"Chambers, AL",AL,1017,144.9
"Cherokee, AL",AL,1019,162.5
"Chilton, AL",AL,1021,116.9
"Choctaw, AL",AL,1023,95.7
"Clarke, AL",AL,1025,155.7
"Clay, AL",AL,1027,137.4
"Cleburne, AL",AL,1029,29.4
"Coffee, AL",AL,1031,127
"Colbert, AL",AL,1033,213.5
"Conecuh, AL",AL,1035,199.5
"Coosa, AL",AL,1037,48
"Covington, AL",AL,1039,187.6
"Crenshaw, AL",AL,1041,108.7
"Cullman, AL",AL,1043,174.7
"Dale, AL",AL,1045,71.2
"Dallas, AL",AL,1047,112.8
"DeKalb, AL",AL,1049,57.8
"Elmore, AL",AL,1051,108.4
"Escambia, AL",AL,1053,139.4
"Etowah, AL",AL,1055,159.6
"Fayette, AL",AL,1057,43.7
"Franklin, AL",AL,1059,174.1
"Geneva, AL",AL,1061,26.5
"Greene, AL",AL,1063,60.1
"Hale, AL",AL,1065,76.4
"Henry, AL",AL,1067,42.9
"Houston, AL",AL,1069,185.5
"Jackson, AL",AL,1071,130
"Jefferson, AL",AL,1073,134.3
"Lamar, AL",AL,1075,62.5
"Lauderdale, AL",AL,1077,145.3
"Lawrence, AL",AL,1079,67
"Lee, AL",AL,1081,73.8
"Limestone, AL",AL,1083,74.6
"Lowndes, AL",AL,1085,16.6
"Macon, AL",AL,1087,57.1
"Madison, AL",AL,1089,129
"Marengo, AL",AL,1091,129.8
"Marion, AL",AL,1093,273.3
"Marshall, AL",AL,1095,209.4
"Mobile, AL",AL,1097,150.3
"Monroe, AL",AL,1099,106.1
"Montgomery, AL",AL,1101,106.3
"Morgan, AL",AL,1103,160.1
"Perry, AL",AL,1105,–
"Pickens, AL",AL,1107,114.3
"Pike, AL",AL,1109,119.8
"Randolph, AL",AL,1111,58.3
"Russell, AL",AL,1113,157
"St. Clair, AL",AL,1115,102
"Shelby, AL",AL,1117,122.5
"Sumter, AL",AL,1119,45.9
"Talladega, AL",AL,1121,140.5
"Tallapoosa, AL",AL,1123,95.3
"Tuscaloosa, AL",AL,1125,115.6
"Walker, AL",AL,1127,329.8
"Washington, AL",AL,1129,40.2
"Wilcox, AL",AL,1131,54.4
"Winston, AL",AL,1133,128.4
"Arkansas, AR",AR,5001,84
"Ashley, AR",AR,5003,49.6
"Baxter, AR",AR,5005,170.6
"Benton, AR",AR,5007,96.5
"Boone, AR",AR,5009,155.7
"Bradley, AR",AR,5011,152
"Calhoun, AR",AR,5013,110.2
"Carroll, AR",AR,5015,65.1
"Chicot, AR",AR,5017,–
"Clark, AR",AR,5019,86.4
"Clay, AR",AR,5021,57.8
"Cleburne, AR",AR,5023,127.6
"Cleveland, AR",AR,5025,–
"Columbia, AR",AR,5027,121.4
"Conway, AR",AR,5029,75.3
"Craighead, AR",AR,5031,177.7
"Crawford, AR",AR,5033,126.6
"Crittenden, AR",AR,5035,97.1
"Cross, AR",AR,5037,101.9
"Dallas, AR",AR,5039,93.4
"Desha, AR",AR,5041,130.7
"Drew, AR",AR,5043,123.8
"Faulkner, AR",AR,5045,107.5
"Franklin, AR",AR,5047,57.3
"Fulton, AR",AR,5049,65
"Garland, AR",AR,5051,202.2
"Grant, AR",AR,5053,31.9
"Greene, AR",AR,5055,180.1
"Hempstead, AR",AR,5057,128.5
"Hot Spring, AR",AR,5059,122.5
"Howard, AR",AR,5061,166
"Independence, AR",AR,5063,192.9
"Izard, AR",AR,5065,151.7
"Jackson, AR",AR,5067,184.5
"Jefferson, AR",AR,5069,88.9
"Johnson, AR",AR,5071,32.9
"Lafayette, AR",AR,5073,–
"Lawrence, AR",AR,5075,37.5
"Lee, AR",AR,5077,–
"Lincoln, AR",AR,5079,35.3
"Little River, AR",AR,5081,49
"Logan, AR",AR,5083,53.1
"Lonoke, AR",AR,5085,107.3
"Madison, AR",AR,5087,28.9
"Marion, AR",AR,5089,54
"Miller, AR",AR,5091,79.5
"Mississippi, AR",AR,5093,131.6
"Monroe, AR",AR,5095,26.1
"Montgomery, AR",AR,5097,90.1
"Nevada, AR",AR,5099,–
"Newton, AR",AR,5101,31.7
"Ouachita, AR",AR,5103,111
"Perry, AR",AR,5105,91.4
"Phillips, AR",AR,5107,176.2
"Pike, AR",AR,5109,–
"Poinsett, AR",AR,5111,43.4
"Polk, AR",AR,5113,115.2
"Pope, AR",AR,5115,154.3
"Prairie, AR",AR,5117,118.6
"Pulaski, AR",AR,5119,119.7
"Randolph, AR",AR,5121,87.5
"St. Francis, AR",AR,5123,98.5
"Saline, AR",AR,5125,111.5
"Scott, AR",AR,5127,185
"Searcy, AR",AR,5129,99.6
"Sebastian, AR",AR,5131,203.3
"Sevier, AR",AR,5133,34.8
"Sharp, AR",AR,5135,112.7
"Stone, AR",AR,5137,59.3
"Union, AR",AR,5139,147.4
"Van Buren, AR",AR,5141,70.6
"Washington, AR",AR,5143,111.4
"White, AR",AR,5145,132.9
"Woodruff, AR",AR,5147,17
"Yell, AR",AR,5149,30.1
"Apache, AZ",AZ,4001,18.2
"Cochise, AZ",AZ,4003,83.3
"Coconino, AZ",AZ,4005,56.7
"Gila, AZ",AZ,4007,127.4
"Graham, AZ",AZ,4009,123.5
"Greenlee, AZ",AZ,4011,–
"La Paz, AZ",AZ,4012,73.3
"Maricopa, AZ",AZ,4013,82.5
"Mohave, AZ",AZ,4015,139.3
"Navajo, AZ",AZ,4017,79.4
"Pima, AZ",AZ,4019,93
"Pinal, AZ",AZ,4021,65.1
"Santa Cruz, AZ",AZ,4023,36.9
"Yavapai, AZ",AZ,4025,104.3
"Yuma, AZ",AZ,4027,71.9
"Alameda, CA",CA,6001,43.9
"Alpine, CA",CA,6003,–
"Amador, CA",CA,6005,133.2
"Butte, CA",CA,6007,167.3
"Calaveras, CA",CA,6009,93.7
"Colusa, CA",CA,6011,40.7
"Contra Costa, CA",CA,6013,59.6
"Del Norte, CA",CA,6015,142.5
"El Dorado, CA",CA,6017,83.8
"Fresno, CA",CA,6019,69
"Glenn, CA",CA,6021,69.2
"Humboldt, CA",CA,6023,142.3
"Imperial, CA",CA,6025,50.7
"Inyo, CA",CA,6027,63.6
"Kern, CA",CA,6029,65
"Kings, CA",CA,6031,78.8
"Lake, CA",CA,6033,166
"Lassen, CA",CA,6035,113.7
"Los Angeles, CA",CA,6037,41.2
"Madera, CA",CA,6039,58
"Marin, CA",CA,6041,56.5
"Mariposa, CA",CA,6043,57.3
"Mendocino, CA",CA,6045,129.4
"Merced, CA",CA,6047,70.4
"Modoc, CA",CA,6049,140.5
"Mono, CA",CA,6051,49.7
"Monterey, CA",CA,6053,69.1
"Napa, CA",CA,6055,40.6
"Nevada, CA",CA,6057,111.8
"Orange, CA",CA,6059,51.9
"Placer, CA",CA,6061,74.6
"Plumas, CA",CA,6063,127.1
"Riverside, CA",CA,6065,56.4
"Sacramento, CA",CA,6067,63.5
"San Benito, CA",CA,6069,50.6
"San Bernardino, CA",CA,6071,54.9
"San Diego, CA",CA,6073,47.5
"San Francisco, CA",CA,6075,44.5
"San Joaquin, CA",CA,6077,66.8
"San Luis Obispo, CA",CA,6079,83.3
"San Mateo, CA",CA,6081,40.1
"Santa Barbara, CA",CA,6083,69.3
"Santa Clara, CA",CA,6085,31.7
"Santa Cruz, CA",CA,6087,87.5
"Shasta, CA",CA,6089,169.4
"Sierra, CA",CA,6091,–
"Siskiyou, CA",CA,6093,125.5
"Solano, CA",CA,6095,56.2
"Sonoma, CA",CA,6097,71.6
"Stanislaus, CA",CA,6099,106
"Sutter, CA",CA,6101,132.4
"Tehama, CA",CA,6103,125.6
"Trinity, CA",CA,6105,121.4
"Tulare, CA",CA,6107,87.3
"Tuolumne, CA",CA,6109,176.9
"Ventura, CA",CA,6111,64
"Yolo, CA",CA,6113,63.5
"Yuba, CA",CA,6115,98.5
"Adams, CO",CO,8001,57.6
"Alamosa, CO",CO,8003,215.5
"Arapahoe, CO",CO,8005,62.4
"Archuleta, CO",CO,8007,71
"Baca, CO",CO,8009,78.7
"Bent, CO",CO,8011,38.7
"Boulder, CO",CO,8013,62.4
"Broomfield, CO",CO,8014,65.5
"Chaffee, CO",CO,8015,91.7
"Cheyenne, CO",CO,8017,62.5
"Clear Creek, CO",CO,8019,54.3
"Conejos, CO",CO,8021,4.3
"Costilla, CO",CO,8023,–
"Crowley, CO",CO,8025,35.2
"Custer, CO",CO,8027,–
"Delta, CO",CO,8029,102.1
"Denver, CO",CO,8031,47.6
"Dolores, CO",CO,8033,–
"Douglas, CO",CO,8035,59.9
"Eagle, CO",CO,8037,67.4
"Elbert, CO",CO,8039,24.4
"El Paso, CO",CO,8041,75.5
"Fremont, CO",CO,8043,77.6
"Garfield, CO",CO,8045,96.4
"Gilpin, CO",CO,8047,–
"Grand, CO",CO,8049,52.1
"Gunnison, CO",CO,8051,41.3
"Hinsdale, CO",CO,8053,–
"Huerfano, CO",CO,8055,94
"Jackson, CO",CO,8057,–
"Jefferson, CO",CO,8059,81
"Kiowa, CO",CO,8061,121.2
"Kit Carson, CO",CO,8063,–
"Lake, CO",CO,8065,64.6
"La Plata, CO",CO,8067,80
"Larimer, CO",CO,8069,77.2
"Las Animas, CO",CO,8071,143.6
"Lincoln, CO",CO,8073,–
"Logan, CO",CO,8075,74.3
"Mesa, CO",CO,8077,99.1
"Mineral, CO",CO,8079,–
"Moffat, CO",CO,8081,153
"Montezuma, CO",CO,8083,92.2
"Montrose, CO",CO,8085,105.2
"Morgan, CO",CO,8087,85.7
"Otero, CO",CO,8089,111.8
"Ouray, CO",CO,8091,34.2
"Park, CO",CO,8093,15.8
"Phillips, CO",CO,8095,22
"Pitkin, CO",CO,8097,22.6
"Prowers, CO",CO,8099,90.2
"Pueblo, CO",CO,8101,120.5
"Rio Blanco, CO",CO,8103,–
"Rio Grande, CO",CO,8105,54.6
"Routt, CO",CO,8107,88.7
"Saguache, CO",CO,8109,–
"San Juan, CO",CO,8111,–
"San Miguel, CO",CO,8113,46.4
"Sedgwick, CO",CO,8115,90.3
"Summit, CO",CO,8117,86.1
"Teller, CO",CO,8119,127.1
"Washington, CO",CO,8121,–
"Weld, CO",CO,8123,62.6
"Yuma, CO",CO,8125,77.8
"Fairfield, CT",CT,9001,53.9
"Hartford, CT",CT,9003,70.8
"Litchfield, CT",CT,9005,71.9
"Middlesex, CT",CT,9007,66.2
"New Haven, CT",CT,9009,76.2
"New London, CT",CT,9011,82.2
"Tolland, CT",CT,9013,54.6
"Windham, CT",CT,9015,78.8
"District of Columbia, DC",DC,11001,34.4
"Kent, DE",DE,10001,84.8
"New Castle, DE",DE,10003,91.7
"Sussex, DE",DE,10005,123.6
"Alachua, FL",FL,12001,91.8
"Baker, FL",FL,12003,164.8
"Bay, FL",FL,12005,135.3
"Bradford, FL",FL,12007,115.5
"Brevard, FL",FL,12009,106
"Broward, FL",FL,12011,75.1
"Calhoun, FL",FL,12013,80.6
"Charlotte, FL",FL,12015,115.6
"Citrus, FL",FL,12017,111.5
"Clay, FL",FL,12019,108.5
"Collier, FL",FL,12021,75.4
"Columbia, FL",FL,12023,140.6
"DeSoto, FL",FL,12027,68.9
"Dixie, FL",FL,12029,42
"Duval, FL",FL,12031,104.6
"Escambia, FL",FL,12033,145.8
"Flagler, FL",FL,12035,103.2
"Franklin, FL",FL,12037,106.2
"Gadsden, FL",FL,12039,62.9
"Gilchrist, FL",FL,12041,49.7
"Glades, FL",FL,12043,–
"Gulf, FL",FL,12045,109.7
"Hamilton, FL",FL,12047,58.2
"Hardee, FL",FL,12049,66.3
"Hendry, FL",FL,12051,91.7
"Hernando, FL",FL,12053,127.5
"Highlands, FL",FL,12055,86.9
"Hillsborough, FL",FL,12057,101.3
"Holmes, FL",FL,12059,109
"Indian River, FL",FL,12061,109.4
"Jackson, FL",FL,12063,65.1
"Jefferson, FL",FL,12065,71.9
"Lafayette, FL",FL,12067,46.7
"Lake, FL",FL,12069,96.7
"Lee, FL",FL,12071,89.8
"Leon, FL",FL,12073,83.7
"Levy, FL",FL,12075,130
"Liberty, FL",FL,12077,54.1
"Madison, FL",FL,12079,74.1
"Manatee, FL",FL,12081,98.6
"Marion, FL",FL,12083,102
"Martin, FL",FL,12085,89.6
"Miami-Dade, FL",FL,12086,37.6
"Monroe, FL",FL,12087,122.5
"Nassau, FL",FL,12089,114.6
"Okaloosa, FL",FL,12091,120.3
"Okeechobee, FL",FL,12093,108.3
"Orange, FL",FL,12095,66
"Osceola, FL",FL,12097,74.8
"Palm Beach, FL",FL,12099,82.7
"Pasco, FL",FL,12101,115.8
"Pinellas, FL",FL,12103,104.5
"Polk, FL",FL,12105,90.7
"Putnam, FL",FL,12107,118.5
"St. Johns, FL",FL,12109,79.4
"St. Lucie, FL",FL,12111,76.1
"Santa Rosa, FL",FL,12113,131.8
"Sarasota, FL",FL,12115,99.2
"Seminole, FL",FL,12117,78.8
"Sumter, FL",FL,12119,66.5
"Suwannee, FL",FL,12121,94.2
"Taylor, FL",FL,12123,108.6
"Union, FL",FL,12125,74.9
"Volusia, FL",FL,12127,103
"Wakulla, FL",FL,12129,79
"Walton, FL",FL,12131,116.4
"Washington, FL",FL,12133,143.2
"Appling, GA",GA,13001,106.9
"Atkinson, GA",GA,13003,66.8
"Bacon, GA",GA,13005,149
"Baker, GA",GA,13007,–
"Baldwin, GA",GA,13009,99.7
"Banks, GA",GA,13011,21.1
"Barrow, GA",GA,13013,97
"Bartow, GA",GA,13015,116
"Ben Hill, GA",GA,13017,143.8
"Berrien, GA",GA,13019,97.7
"Bibb, GA",GA,13021,160.3
"Bleckley, GA",GA,13023,131.2
"Brantley, GA",GA,13025,40.6
"Brooks, GA",GA,13027,90.2
"Bryan, GA",GA,13029,69.8
"Bulloch, GA",GA,13031,96
"Burke, GA",GA,13033,79
"Butts, GA",GA,13035,86.4
"Calhoun, GA",GA,13037,–
"Camden, GA",GA,13039,94.5
"Candler, GA",GA,13043,122.1
"Carroll, GA",GA,13045,133.2
"Catoosa, GA",GA,13047,168
"Charlton, GA",GA,13049,87.7
"Chatham, GA",GA,13051,100.6
"Chattahoochee, GA",GA,13053,–
"Chattooga, GA",GA,13055,116.9
"Cherokee, GA",GA,13057,80.1
"Clarke, GA",GA,13059,120.3
"Clay, GA",GA,13061,134.1
"Clayton, GA",GA,13063,56.7
"Clinch, GA",GA,13065,123
"Cobb, GA",GA,13067,78.5
"Coffee, GA",GA,13069,176
"Colquitt, GA",GA,13071,81.2
"Columbia, GA",GA,13073,93.4
"Cook, GA",GA,13075,95.3
"Coweta, GA",GA,13077,90.4
"Crawford, GA",GA,13079,–
"Crisp, GA",GA,13081,193.9
"Dade, GA",GA,13083,89.4
"Dawson, GA",GA,13085,152.5
"Decatur, GA",GA,13087,127
"DeKalb, GA",GA,13089,50.3
"Dodge, GA",GA,13091,91.7
"Dooly, GA",GA,13093,–
"Dougherty, GA",GA,13095,131.3
"Douglas, GA",GA,13097,113.6
"Early, GA",GA,13099,96.5
"Echols, GA",GA,13101,–
"Effingham, GA",GA,13103,76
"Elbert, GA",GA,13105,138.2
"Emanuel, GA",GA,13107,114.5
"Evans, GA",GA,13109,145.6
"Fannin, GA",GA,13111,115.3
"Fayette, GA",GA,13113,94.5
"Floyd, GA",GA,13115,159.5
"Forsyth, GA",GA,13117,62.8
"Franklin, GA",GA,13119,170.1
"Fulton, GA",GA,13121,59
"Gilmer, GA",GA,13123,158.4
"Glascock, GA",GA,13125,–
"Glynn, GA",GA,13127,141.2
"Gordon, GA",GA,13129,136.6
"Grady, GA",GA,13131,64.9
"Greene, GA",GA,13133,122.1
"Gwinnett, GA",GA,13135,57.5
"Habersham, GA",GA,13137,144.6
"Hall, GA",GA,13139,107.4
"Hancock, GA",GA,13141,47.1
"Haralson, GA",GA,13143,216.5
"Harris, GA",GA,13145,7.3
"Hart, GA",GA,13147,113.9
"Heard, GA",GA,13149,–
"Henry, GA",GA,13151,87.9
"Houston, GA",GA,13153,125.8
"Irwin, GA",GA,13155,73.6
"Jackson, GA",GA,13157,117.8
"Jasper, GA",GA,13159,55.3
"Jeff Davis, GA",GA,13161,143
"Jefferson, GA",GA,13163,112.6
"Jenkins, GA",GA,13165,38.9
"Johnson, GA",GA,13167,34.3
"Jones, GA",GA,13169,50
"Lamar, GA",GA,13171,85.6
"Lanier, GA",GA,13173,–
"Laurens, GA",GA,13175,160.6
"Lee, GA",GA,13177,38.4
"Liberty, GA",GA,13179,52.3
"Lincoln, GA",GA,13181,–
"Long, GA",GA,13183,–
"Lowndes, GA",GA,13185,104.9
"Lumpkin, GA",GA,13187,61.2
"McDuffie, GA",GA,13189,181.4
"McIntosh, GA",GA,13191,68.5
"Macon, GA",GA,13193,57
"Madison, GA",GA,13195,95.8
"Marion, GA",GA,13197,–
"Meriwether, GA",GA,13199,32.6
"Miller, GA",GA,13201,149.3
"Mitchell, GA",GA,13205,78.4
"Monroe, GA",GA,13207,68.4
"Montgomery, GA",GA,13209,–
"Morgan, GA",GA,13211,46.1
"Murray, GA",GA,13213,106
"Muscogee, GA",GA,13215,113.6
"Newton, GA",GA,13217,101.6
"Oconee, GA",GA,13219,73.5
"Oglethorpe, GA",GA,13221,–
"Paulding, GA",GA,13223,82.1
"Peach, GA",GA,13225,94.5
"Pickens, GA",GA,13227,128.3
"Pierce, GA",GA,13229,38.6
"Pike, GA",GA,13231,–
"Polk, GA",GA,13233,175.7
"Pulaski, GA",GA,13235,80.3
"Putnam, GA",GA,13237,55.6
"Quitman, GA",GA,13239,–
"Rabun, GA",GA,13241,146.4
"Randolph, GA",GA,13243,182.2
"Richmond, GA",GA,13245,104.8
"Rockdale, GA",GA,13247,91.3
"Schley, GA",GA,13249,–
"Screven, GA",GA,13251,45.2
"Seminole, GA",GA,13253,111.7
"Spalding, GA",GA,13255,141.2
"Stephens, GA",GA,13257,152.8
"Stewart, GA",GA,13259,70.3
"Sumter, GA",GA,13261,117.1
"Talbot, GA",GA,13263,–
"Taliaferro, GA",GA,13265,–
"Tattnall, GA",GA,13267,66.3
"Taylor, GA",GA,13269,40.6
"Telfair, GA",GA,13271,47.6
"Terrell, GA",GA,13273,30.2
"Thomas, GA",GA,13275,102.2
"Tift, GA",GA,13277,141.1
"Toombs, GA",GA,13279,190.9
"Towns, GA",GA,13281,97.3
"Treutlen, GA",GA,13283,–
"Troup, GA",GA,13285,103.9
"Turner, GA",GA,13287,70.8
"Twiggs, GA",GA,13289,–
"Union, GA",GA,13291,158.7
"Upson, GA",GA,13293,110.2
"Walker, GA",GA,13295,44.2
"Walton, GA",GA,13297,114.5
"Ware, GA",GA,13299,245.4
"Warren, GA",GA,13301,–
"Washington, GA",GA,13303,78.2
"Wayne, GA",GA,13305,145.8
"Webster, GA",GA,13307,–
"Wheeler, GA",GA,13309,–
"White, GA",GA,13311,66.2
"Whitfield, GA",GA,13313,95.8
"Wilcox, GA",GA,13315,–
"Wilkes, GA",GA,13317,156.7
"Wilkinson, GA",GA,13319,–
"Worth, GA",GA,13321,91.8
"Hawaii, HI",HI,15001,75
"Honolulu, HI",HI,15003,36.7
"Kalawao, HI",HI,15005,–
"Kauai, HI",HI,15007,93
"Maui, HI",HI,15009,64.5
"Adair, IA",IA,19001,44.6
"Adams, IA",IA,19003,88.8
"Allamakee, IA",IA,19005,52.1
"Appanoose, IA",IA,19007,81.4
"Audubon, IA",IA,19009,37.4
"Benton, IA",IA,19011,3.3
"Black Hawk, IA",IA,19013,77
"Boone, IA",IA,19015,46.8
"Bremer, IA",IA,19017,23.3
"Buchanan, IA",IA,19019,40
"Buena Vista, IA",IA,19021,37.2
"Butler, IA",IA,19023,36.3
"Calhoun, IA",IA,19025,41.1
"Carroll, IA",IA,19027,86.7
"Cass, IA",IA,19029,98.2
"Cedar, IA",IA,19031,21.2
"Cerro Gordo, IA",IA,19033,93.3
"Cherokee, IA",IA,19035,59.8
"Chickasaw, IA",IA,19037,27
"Clarke, IA",IA,19039,76
"Clay, IA",IA,19041,91.8
"Clayton, IA",IA,19043,36.5
"Clinton, IA",IA,19045,73.2
"Crawford, IA",IA,19047,51.4
"Dallas, IA",IA,19049,12.1
"Davis, IA",IA,19051,38.4
"Decatur, IA",IA,19053,–
"Delaware, IA",IA,19055,49.9
"Des Moines, IA",IA,19057,95.9
"Dickinson, IA",IA,19059,49
"Dubuque, IA",IA,19061,60.7
"Emmet, IA",IA,19063,40.7
"Fayette, IA",IA,19065,78.8
"Floyd, IA",IA,19067,70.1
"Franklin, IA",IA,19069,26.1
"Fremont, IA",IA,19071,67.7
"Greene, IA",IA,19073,69
"Grundy, IA",IA,19075,9.1
"Guthrie, IA",IA,19077,21.4
"Hamilton, IA",IA,19079,61.2
"Hancock, IA",IA,19081,23.6
"Hardin, IA",IA,19083,56.1
"Harrison, IA",IA,19085,62
"Henry, IA",IA,19087,45
"Howard, IA",IA,19089,45.6
"Humboldt, IA",IA,19091,40.8
"Ida, IA",IA,19093,84.2
"Iowa, IA",IA,19095,10.4
"Jackson, IA",IA,19097,25.1
"Jasper, IA",IA,19099,75.2
"Jefferson, IA",IA,19101,52
"Johnson, IA",IA,19103,44.4
"Jones, IA",IA,19105,18.6
"Keokuk, IA",IA,19107,17.1
"Kossuth, IA",IA,19109,32.1
"Lee, IA",IA,19111,79.1
"Linn, IA",IA,19113,64
"Louisa, IA",IA,19115,15.7
"Lucas, IA",IA,19117,62.8
"Lyon, IA",IA,19119,23.5
"Madison, IA",IA,19121,38.6
"Mahaska, IA",IA,19123,67.1
"Marion, IA",IA,19125,53
"Marshall, IA",IA,19127,74.4
"Mills, IA",IA,19129,19.2
"Mitchell, IA",IA,19131,34.9
"Monona, IA",IA,19133,73.5
"Monroe, IA",IA,19135,70.8
"Montgomery, IA",IA,19137,76.8
"Muscatine, IA",IA,19139,55.3
"O’Brien, IA",IA,19141,23.1
"Osceola, IA",IA,19143,–
"Page, IA",IA,19145,93.3
"Palo Alto, IA",IA,19147,49.7
"Plymouth, IA",IA,19149,35.6
"Pocahontas, IA",IA,19151,56
"Polk, IA",IA,19153,88.9
"Pottawattamie, IA",IA,19155,88.7
"Poweshiek, IA",IA,19157,47.3
"Ringgold, IA",IA,19159,68.5
"Sac, IA",IA,19161,42
"Scott, IA",IA,19163,75
"Shelby, IA",IA,19165,39.8
"Sioux, IA",IA,19167,23.6
"Story, IA",IA,19169,30.6
"Tama, IA",IA,19171,8.9
"Taylor, IA",IA,19173,57.6
"Union, IA",IA,19175,92.8
"Van Buren, IA",IA,19177,–
"Wapello, IA",IA,19179,99.5
"Warren, IA",IA,19181,32.1
"Washington, IA",IA,19183,31.2
"Wayne, IA",IA,19185,89.5
"Webster, IA",IA,19187,76.8
"Winnebago, IA",IA,19189,32
"Winneshiek, IA",IA,19191,34.2
"Woodbury, IA",IA,19193,60.9
"Worth, IA",IA,19195,–
"Wright, IA",IA,19197,68.4
"Ada, ID",ID,16001,83.5
"Adams, ID",ID,16003,–
"Bannock, ID",ID,16005,109.2
"Bear Lake, ID",ID,16007,110.2
"Benewah, ID",ID,16009,104
"Bingham, ID",ID,16011,64.5
"Blaine, ID",ID,16013,51.2
"Boise, ID",ID,16015,–
"Bonner, ID",ID,16017,94.8
"Bonneville, ID",ID,16019,93.9
"Boundary, ID",ID,16021,125.7
"Butte, ID",ID,16023,94.1
"Camas, ID",ID,16025,–
"Canyon, ID",ID,16027,77.3
"Caribou, ID",ID,16029,84.7
"Cassia, ID",ID,16031,121.8
"Clark, ID",ID,16033,–
"Clearwater, ID",ID,16035,106.9
"Custer, ID",ID,16037,25.8
"Elmore, ID",ID,16039,55.2
"Franklin, ID",ID,16041,94.9
"Fremont, ID",ID,16043,37.2
"Gem, ID",ID,16045,112.6
"Gooding, ID",ID,16047,72.1
"Idaho, ID",ID,16049,72.6
"Jefferson, ID",ID,16051,36.1
"Jerome, ID",ID,16053,66.1
"Kootenai, ID",ID,16055,101.2
"Latah, ID",ID,16057,75
"Lemhi, ID",ID,16059,78.4
"Lewis, ID",ID,16061,198.7
"Lincoln, ID",ID,16063,–
"Madison, ID",ID,16065,62.7
"Minidoka, ID",ID,16067,32.5
"Nez Perce, ID",ID,16069,158.7
"Oneida, ID",ID,16071,–
"Owyhee, ID",ID,16073,32
"Payette, ID",ID,16075,42.9
"Power, ID",ID,16077,78.7
"Shoshone, ID",ID,16079,144.4
"Teton, ID",ID,16081,62.5
"Twin Falls, ID",ID,16083,101.8
"Valley, ID",ID,16085,110.3
"Washington, ID",ID,16087,113
"Adams, IL",IL,17001,103.8
"Alexander, IL",IL,17003,58.1
"Bond, IL",IL,17005,61
"Boone, IL",IL,17007,54.4
"Brown, IL",IL,17009,–
"Bureau, IL",IL,17011,30.7
"Calhoun, IL",IL,17013,58.8
"Carroll, IL",IL,17015,18.1
"Cass, IL",IL,17017,50.1
"Champaign, IL",IL,17019,72.3
"Christian, IL",IL,17021,108.7
"Clark, IL",IL,17023,79
"Clay, IL",IL,17025,93.5
"Clinton, IL",IL,17027,23.6
"Coles, IL",IL,17029,97.7
"Cook, IL",IL,17031,44.8
"Crawford, IL",IL,17033,19.5
"Cumberland, IL",IL,17035,–
"DeKalb, IL",IL,17037,59.2
"De Witt, IL",IL,17039,71.9
"Douglas, IL",IL,17041,12.6
"DuPage, IL",IL,17043,52.6
"Edgar, IL",IL,17045,97.3
"Edwards, IL",IL,17047,46.8
"Effingham, IL",IL,17049,116.6
"Fayette, IL",IL,17051,70.7
"Ford, IL",IL,17053,–
"Franklin, IL",IL,17055,123.2
"Fulton, IL",IL,17057,68.3
"Gallatin, IL",IL,17059,–
"Greene, IL",IL,17061,14.2
"Grundy, IL",IL,17063,78.5
"Hamilton, IL",IL,17065,–
"Hancock, IL",IL,17067,50.5
"Hardin, IL",IL,17069,268.9
"Henderson, IL",IL,17071,–
"Henry, IL",IL,17073,58.4
"Iroquois, IL",IL,17075,65
"Jackson, IL",IL,17077,128.9
"Jasper, IL",IL,17079,75.2
"Jefferson, IL",IL,17081,122.9
"Jersey, IL",IL,17083,108.4
"Jo Daviess, IL",IL,17085,41
"Johnson, IL",IL,17087,–
"Kane, IL",IL,17089,46.7
"Kankakee, IL",IL,17091,81.4
"Kendall, IL",IL,17093,64
"Knox, IL",IL,17095,97.1
"Lake, IL",IL,17097,58.4
"La Salle, IL",IL,17099,84.6
"Lawrence, IL",IL,17101,98.5
"Lee, IL",IL,17103,63.3
"Livingston, IL",IL,17105,75.8
"Logan, IL",IL,17107,88.1
"McDonough, IL",IL,17109,68.4
"McHenry, IL",IL,17111,66.3
"McLean, IL",IL,17113,62.8
"Macon, IL",IL,17115,99.9
"Macoupin, IL",IL,17117,36.8
"Madison, IL",IL,17119,109.9
"Marion, IL",IL,17121,132.8
"Marshall, IL",IL,17123,44.5
"Mason, IL",IL,17125,70.4
"Massac, IL",IL,17127,48.8
"Menard, IL",IL,17129,–
"Mercer, IL",IL,17131,37.2
"Monroe, IL",IL,17133,86.8
"Montgomery, IL",IL,17135,135.2
"Morgan, IL",IL,17137,116.4
"Moultrie, IL",IL,17139,31.2
"Ogle, IL",IL,17141,23.4
"Peoria, IL",IL,17143,86.9
"Perry, IL",IL,17145,118.6
"Piatt, IL",IL,17147,30.6
"Pike, IL",IL,17149,77.3
"Pope, IL",IL,17151,–
"Pulaski, IL",IL,17153,76.6
"Putnam, IL",IL,17155,–
"Randolph, IL",IL,17157,72.1
"Richland, IL",IL,17159,116.3
"Rock Island, IL",IL,17161,78.6
"St. Clair, IL",IL,17163,72.8
"Saline, IL",IL,17165,238.1
"Sangamon, IL",IL,17167,113.9
"Schuyler, IL",IL,17169,113.1
"Scott, IL",IL,17171,–
"Shelby, IL",IL,17173,58
"Stark, IL",IL,17175,–
"Stephenson, IL",IL,17177,73.5
"Tazewell, IL",IL,17179,93
"Union, IL",IL,17181,127.5
"Vermilion, IL",IL,17183,101.9
"Wabash, IL",IL,17185,106.6
"Warren, IL",IL,17187,68.8
"Washington, IL",IL,17189,9.6
"Wayne, IL",IL,17191,90.7
"White, IL",IL,17193,120.4
"Whiteside, IL",IL,17195,69.1
"Will, IL",IL,17197,58.1
"Williamson, IL",IL,17199,184.4
"Winnebago, IL",IL,17201,101.8
"Woodford, IL",IL,17203,26.3
"Adams, IN",IN,18001,68.6
"Allen, IN",IN,18003,85.2
"Bartholomew, IN",IN,18005,140.9
"Benton, IN",IN,18007,6.8
"Blackford, IN",IN,18009,122.3
"Boone, IN",IN,18011,81.7
"Brown, IN",IN,18013,52.9
"Carroll, IN",IN,18015,35.2
"Cass, IN",IN,18017,81.2
"Clark, IN",IN,18019,144.2
"Clay, IN",IN,18021,127
"Clinton, IN",IN,18023,98.5
"Crawford, IN",IN,18025,69.9
"Daviess, IN",IN,18027,111.9
"Dearborn, IN",IN,18029,124.1
"Decatur, IN",IN,18031,100.3
"DeKalb, IN",IN,18033,71
"Delaware, IN",IN,18035,139.1
"Dubois, IN",IN,18037,135.1
"Elkhart, IN",IN,18039,86.2
"Fayette, IN",IN,18041,158.5
"Floyd, IN",IN,18043,212.8
"Fountain, IN",IN,18045,136.5
"Franklin, IN",IN,18047,58.3
"Fulton, IN",IN,18049,113.8
"Gibson, IN",IN,18051,98.2
"Grant, IN",IN,18053,133.2
"Greene, IN",IN,18055,106
"Hamilton, IN",IN,18057,69.4
"Hancock, IN",IN,18059,96.6
"Harrison, IN",IN,18061,101
"Hendricks, IN",IN,18063,89
"Henry, IN",IN,18065,122
"Howard, IN",IN,18067,172.7
"Huntington, IN",IN,18069,87.9
"Jackson, IN",IN,18071,137.2
"Jasper, IN",IN,18073,122.2
"Jay, IN",IN,18075,106.9
"Jefferson, IN",IN,18077,151.3
"Jennings, IN",IN,18079,141
"Johnson, IN",IN,18081,103.9
"Knox, IN",IN,18083,138.1
"Kosciusko, IN",IN,18085,84.8
"LaGrange, IN",IN,18087,22.8
"Lake, IN",IN,18089,91.4
"LaPorte, IN",IN,18091,107.6
"Lawrence, IN",IN,18093,148.6
"Madison, IN",IN,18095,155.1
"Marion, IN",IN,18097,102.8
"Marshall, IN",IN,18099,86.9
"Martin, IN",IN,18101,108.1
"Miami, IN",IN,18103,70.7
"Monroe, IN",IN,18105,101.4
"Montgomery, IN",IN,18107,123.1
"Morgan, IN",IN,18109,165.7
"Newton, IN",IN,18111,29.9
"Noble, IN",IN,18113,70.9
"Ohio, IN",IN,18115,35
"Orange, IN",IN,18117,122.3
"Owen, IN",IN,18119,70.4
"Parke, IN",IN,18121,60.6
"Perry, IN",IN,18123,124.5
"Pike, IN",IN,18125,106.6
"Porter, IN",IN,18127,100.5
"Posey, IN",IN,18129,69
"Pulaski, IN",IN,18131,82.9
"Putnam, IN",IN,18133,88.1
"Randolph, IN",IN,18135,88.2
"Ripley, IN",IN,18137,108.2
"Rush, IN",IN,18139,109.2
"St. Joseph, IN",IN,18141,94.4
"Scott, IN",IN,18143,241.3
"Shelby, IN",IN,18145,101.1
"Spencer, IN",IN,18147,15.3
"Starke, IN",IN,18149,143.4
"Steuben, IN",IN,18151,109.1
"Sullivan, IN",IN,18153,87.1
"Switzerland, IN",IN,18155,63.3
"Tippecanoe, IN",IN,18157,83.6
"Tipton, IN",IN,18159,96.1
"Union, IN",IN,18161,69.8
"Vanderburgh, IN",IN,18163,154.6
"Vermillion, IN",IN,18165,126.3
"Vigo, IN",IN,18167,156.9
"Wabash, IN",IN,18169,107.2
"Warren, IN",IN,18171,–
"Warrick, IN",IN,18173,86
"Washington, IN",IN,18175,120.4
"Wayne, IN",IN,18177,129.8
"Wells, IN",IN,18179,73.8
"White, IN",IN,18181,87.3
"Whitley, IN",IN,18183,114.4
"Allen, KS",KS,20001,152.3
"Anderson, KS",KS,20003,–
"Atchison, KS",KS,20005,113.8
"Barber, KS",KS,20007,114.3
"Barton, KS",KS,20009,109.8
"Bourbon, KS",KS,20011,92.2
"Brown, KS",KS,20013,12.7
"Butler, KS",KS,20015,92.8
"Chase, KS",KS,20017,–
"Chautauqua, KS",KS,20019,13.6
"Cherokee, KS",KS,20021,15.5
"Cheyenne, KS",KS,20023,90.7
"Clark, KS",KS,20025,–
"Clay, KS",KS,20027,70.2
"Cloud, KS",KS,20029,60
"Coffey, KS",KS,20031,–
"Comanche, KS",KS,20033,–
"Cowley, KS",KS,20035,106.8
"Crawford, KS",KS,20037,129.3
"Decatur, KS",KS,20039,147.6
"Dickinson, KS",KS,20041,60.3
"Doniphan, KS",KS,20043,–
"Douglas, KS",KS,20045,75.4
"Edwards, KS",KS,20047,–
"Elk, KS",KS,20049,–
"Ellis, KS",KS,20051,115.1
"Ellsworth, KS",KS,20053,76.1
"Finney, KS",KS,20055,83.5
"Ford, KS",KS,20057,90.8
"Franklin, KS",KS,20059,118.5
"Geary, KS",KS,20061,67.3
"Gove, KS",KS,20063,–
"Graham, KS",KS,20065,172.9
"Grant, KS",KS,20067,–
"Gray, KS",KS,20069,17.1
"Greeley, KS",KS,20071,212.4
"Greenwood, KS",KS,20073,–
"Hamilton, KS",KS,20075,76.3
"Harper, KS",KS,20077,–
"Harvey, KS",KS,20079,94.1
"Haskell, KS",KS,20081,–
"Hodgeman, KS",KS,20083,–
"Jackson, KS",KS,20085,36.8
"Jefferson, KS",KS,20087,11.9
"Jewell, KS",KS,20089,–
"Johnson, KS",KS,20091,77.2
"Kearny, KS",KS,20093,56.2
"Kingman, KS",KS,20095,–
"Kiowa, KS",KS,20097,–
"Labette, KS",KS,20099,96.2
"Lane, KS",KS,20101,–
"Leavenworth, KS",KS,20103,45.2
"Lincoln, KS",KS,20105,–
"Linn, KS",KS,20107,–
"Logan, KS",KS,20109,78.8
"Lyon, KS",KS,20111,81.3
"McPherson, KS",KS,20113,66.9
"Marion, KS",KS,20115,34.4
"Marshall, KS",KS,20117,19.7
"Meade, KS",KS,20119,–
"Miami, KS",KS,20121,18.2
"Mitchell, KS",KS,20123,–
"Montgomery, KS",KS,20125,96.4
"Morris, KS",KS,20127,–
"Morton, KS",KS,20129,215.4
"Nemaha, KS",KS,20131,28.1
"Neosho, KS",KS,20133,82.6
"Ness, KS",KS,20135,–
"Norton, KS",KS,20137,61
"Osage, KS",KS,20139,–
"Osborne, KS",KS,20141,146
"Ottawa, KS",KS,20143,–
"Pawnee, KS",KS,20145,38.8
"Phillips, KS",KS,20147,–
"Pottawatomie, KS",KS,20149,9.1
"Pratt, KS",KS,20151,186.8
"Rawlins, KS",KS,20153,–
"Reno, KS",KS,20155,93.1
"Republic, KS",KS,20157,122.1
"Rice, KS",KS,20159,29.1
"Riley, KS",KS,20161,71.1
"Rooks, KS",KS,20163,–
"Rush, KS",KS,20165,57.7
"Russell, KS",KS,20167,–
"Saline, KS",KS,20169,145
"Scott, KS",KS,20171,112.5
"Sedgwick, KS",KS,20173,110.3
"Seward, KS",KS,20175,116
"Shawnee, KS",KS,20177,118.5
"Sheridan, KS",KS,20179,65.9
"Sherman, KS",KS,20181,85
"Smith, KS",KS,20183,144
"Stafford, KS",KS,20185,–
"Stanton, KS",KS,20187,–
"Stevens, KS",KS,20189,72.8
"Sumner, KS",KS,20191,86.3
"Thomas, KS",KS,20193,120.2
"Trego, KS",KS,20195,126.7
"Wabaunsee, KS",KS,20197,–
"Wallace, KS",KS,20199,–
"Washington, KS",KS,20201,17
"Wichita, KS",KS,20203,–
"Wilson, KS",KS,20205,95.4
"Woodson, KS",KS,20207,–
"Wyandotte, KS",KS,20209,73
"Adair, KY",KY,21001,103.5
"Allen, KY",KY,21003,118.2
"Anderson, KY",KY,21005,105.6
"Ballard, KY",KY,21007,139.3
"Barren, KY",KY,21009,119.2
"Bath, KY",KY,21011,15.4
"Bell, KY",KY,21013,365.1
"Boone, KY",KY,21015,137.9
"Bourbon, KY",KY,21017,115
"Boyd, KY",KY,21019,201
"Boyle, KY",KY,21021,173.9
"Bracken, KY",KY,21023,–
"Breathitt, KY",KY,21025,233
"Breckinridge, KY",KY,21027,66.1
"Bullitt, KY",KY,21029,90.8
"Butler, KY",KY,21031,203.2
"Caldwell, KY",KY,21033,156.3
"Calloway, KY",KY,21035,126.2
"Campbell, KY",KY,21037,121.1
"Carlisle, KY",KY,21039,66.8
"Carroll, KY",KY,21041,184
"Carter, KY",KY,21043,105.3
"Casey, KY",KY,21045,73.3
"Christian, KY",KY,21047,83.2
"Clark, KY",KY,21049,176.9
"Clay, KY",KY,21051,267.8
"Clinton, KY",KY,21053,174.7
"Crittenden, KY",KY,21055,214
"Cumberland, KY",KY,21057,254.1
"Daviess, KY",KY,21059,140.7
"Edmonson, KY",KY,21061,59.8
"Elliott, KY",KY,21063,–
"Estill, KY",KY,21065,154.2
"Fayette, KY",KY,21067,98.3
"Fleming, KY",KY,21069,116.4
"Floyd, KY",KY,21071,353.3
"Franklin, KY",KY,21073,135.6
"Fulton, KY",KY,21075,134.3
"Gallatin, KY",KY,21077,–
"Garrard, KY",KY,21079,71.9
"Grant, KY",KY,21081,164.2
"Graves, KY",KY,21083,117.6
"Grayson, KY",KY,21085,125.5
"Green, KY",KY,21087,126
"Greenup, KY",KY,21089,123.7
"Hancock, KY",KY,21091,–
"Hardin, KY",KY,21093,104
"Harlan, KY",KY,21095,172.2
"Harrison, KY",KY,21097,121.7
"Hart, KY",KY,21099,84.4
"Henderson, KY",KY,21101,154.1
"Henry, KY",KY,21103,80
"Hickman, KY",KY,21105,102.5
"Hopkins, KY",KY,21107,158.2
"Jackson, KY",KY,21109,52.8
"Jefferson, KY",KY,21111,131.8
"Jessamine, KY",KY,21113,117.1
"Johnson, KY",KY,21115,256.9
"Kenton, KY",KY,21117,103.7
"Knott, KY",KY,21119,84.8
"Knox, KY",KY,21121,139
"Larue, KY",KY,21123,72.4
"Laurel, KY",KY,21125,156.4
"Lawrence, KY",KY,21127,205.5
"Lee, KY",KY,21129,191.9
"Leslie, KY",KY,21131,233.3
"Letcher, KY",KY,21133,211.7
"Lewis, KY",KY,21135,59
"Lincoln, KY",KY,21137,89.1
"Livingston, KY",KY,21139,38.1
"Logan, KY",KY,21141,83.3
"Lyon, KY",KY,21143,39.1
"McCracken, KY",KY,21145,227.3
"McCreary, KY",KY,21147,168.2
"McLean, KY",KY,21149,67.8
"Madison, KY",KY,21151,114.8
"Magoffin, KY",KY,21153,179.4
"Marion, KY",KY,21155,117.3
"Marshall, KY",KY,21157,143.1
"Martin, KY",KY,21159,123.3
"Mason, KY",KY,21161,136.4
"Meade, KY",KY,21163,68.7
"Menifee, KY",KY,21165,59.6
"Mercer, KY",KY,21167,114.9
"Metcalfe, KY",KY,21169,67
"Monroe, KY",KY,21171,171.5
"Montgomery, KY",KY,21173,187.1
"Morgan, KY",KY,21175,69
"Muhlenberg, KY",KY,21177,174.1
"Nelson, KY",KY,21179,127.1
"Nicholas, KY",KY,21181,–
"Ohio, KY",KY,21183,134.2
"Oldham, KY",KY,21185,82.1
"Owen, KY",KY,21187,72.7
"Owsley, KY",KY,21189,293
"Pendleton, KY",KY,21191,62.1
"Perry, KY",KY,21193,250
"Pike, KY",KY,21195,324.1
"Powell, KY",KY,21197,163.8
"Pulaski, KY",KY,21199,141.8
"Robertson, KY",KY,21201,–
"Rockcastle, KY",KY,21203,102.7
"Rowan, KY",KY,21205,166
"Russell, KY",KY,21207,212.4
"Scott, KY",KY,21209,118.2
"Shelby, KY",KY,21211,105.4
"Simpson, KY",KY,21213,159.3
"Spencer, KY",KY,21215,64.1
"Taylor, KY",KY,21217,143.8
"Todd, KY",KY,21219,70.7
"Trigg, KY",KY,21221,112.9
"Trimble, KY",KY,21223,58.7
"Union, KY",KY,21225,149.3
"Warren, KY",KY,21227,133.5
"Washington, KY",KY,21229,71.2
"Wayne, KY",KY,21231,158
"Webster, KY",KY,21233,90
"Whitley, KY",KY,21235,308.6
"Wolfe, KY",KY,21237,76.7
"Woodford, KY",KY,21239,80
"Acadia, LA",LA,22001,93.6
"Allen, LA",LA,22003,95.8
"Ascension, LA",LA,22005,135.1
"Assumption, LA",LA,22007,38.3
"Avoyelles, LA",LA,22009,134.3
"Beauregard, LA",LA,22011,100.9
"Bienville, LA",LA,22013,–
"Bossier, LA",LA,22015,116
"Caddo, LA",LA,22017,136.2
"Calcasieu, LA",LA,22019,118.2
"Caldwell, LA",LA,22021,–
"Cameron, LA",LA,22023,–
"Catahoula, LA",LA,22025,117.4
"Claiborne, LA",LA,22027,–
"Concordia, LA",LA,22029,105
"De Soto, LA",LA,22031,16.7
"East Baton Rouge, LA",LA,22033,128.7
"East Carroll, LA",LA,22035,101
"East Feliciana, LA",LA,22037,69.2
"Evangeline, LA",LA,22039,192.6
"Franklin, LA",LA,22041,109.3
"Grant, LA",LA,22043,16.9
"Iberia, LA",LA,22045,121.6
"Iberville, LA",LA,22047,97.7
"Jackson, LA",LA,22049,26.1
"Jefferson, LA",LA,22051,125.6
"Jefferson Davis, LA",LA,22053,128.6
"Lafayette, LA",LA,22055,119.4
"Lafourche, LA",LA,22057,96.8
"La Salle, LA",LA,22059,104.6
"Lincoln, LA",LA,22061,94.3
"Livingston, LA",LA,22063,124
"Madison, LA",LA,22065,63.6
"Morehouse, LA",LA,22067,112.6
"Natchitoches, LA",LA,22069,71.8
"Orleans, LA",LA,22071,70.7
"Ouachita, LA",LA,22073,134.3
"Plaquemines, LA",LA,22075,–
"Pointe Coupee, LA",LA,22077,86.3
"Rapides, LA",LA,22079,158.7
"Red River, LA",LA,22081,–
"Richland, LA",LA,22083,67.1
"Sabine, LA",LA,22085,43
"St. Bernard, LA",LA,22087,128.5
"St. Charles, LA",LA,22089,78
"St. Helena, LA",LA,22091,65.8
"St. James, LA",LA,22093,52.6
"St. John the Baptist, LA",LA,22095,84.6
"St. Landry, LA",LA,22097,158.7
"St. Martin, LA",LA,22099,86.6
"St. Mary, LA",LA,22101,116
"St. Tammany, LA",LA,22103,142.4
"Tangipahoa, LA",LA,22105,149.5
"Tensas, LA",LA,22107,–
"Terrebonne, LA",LA,22109,122.3
"Union, LA",LA,22111,50.6
"Vermilion, LA",LA,22113,92.9
"Vernon, LA",LA,22115,60.9
"Washington, LA",LA,22117,151.6
"Webster, LA",LA,22119,123.9
"West Baton Rouge, LA",LA,22121,111.8
"West Carroll, LA",LA,22123,104.9
"West Feliciana, LA",LA,22125,27.7
"Winn, LA",LA,22127,25.6
"Barnstable, MA",MA,25001,88.5
"Berkshire, MA",MA,25003,94.7
"Bristol, MA",MA,25005,91.7
"Dukes, MA",MA,25007,75.7
"Essex, MA",MA,25009,69.8
"Franklin, MA",MA,25011,65.3
"Hampden, MA",MA,25013,90
"Hampshire, MA",MA,25015,71.1
"Middlesex, MA",MA,25017,53.1
"Nantucket, MA",MA,25019,52.2
"Norfolk, MA",MA,25021,60.3
"Plymouth, MA",MA,25023,74.1
"Suffolk, MA",MA,25025,52.5
"Worcester, MA",MA,25027,79
"Allegany, MD",MD,24001,114.3
"Anne Arundel, MD",MD,24003,82.1
"Baltimore, MD",MD,24005,77.1
"Calvert, MD",MD,24009,103.7
"Caroline, MD",MD,24011,61
"Carroll, MD",MD,24013,77.5
"Cecil, MD",MD,24015,101
"Charles, MD",MD,24017,92.2
"Dorchester, MD",MD,24019,67.7
"Frederick, MD",MD,24021,82
"Garrett, MD",MD,24023,78.9
"Harford, MD",MD,24025,86
"Howard, MD",MD,24027,36.9
"Kent, MD",MD,24029,132.4
"Montgomery, MD",MD,24031,40.3
"Prince George’s, MD",MD,24033,45.9
"Queen Anne’s, MD",MD,24035,87
"St. Mary’s, MD",MD,24037,77.2
"Somerset, MD",MD,24039,59.4
"Talbot, MD",MD,24041,102.2
"Washington, MD",MD,24043,105.1
"Wicomico, MD",MD,24045,99.5
"Worcester, MD",MD,24047,112.1
"Baltimore City, MD",MD,24510,60.1
"Androscoggin, ME",ME,23001,102.1
"Aroostook, ME",ME,23003,83.4
"Cumberland, ME",ME,23005,83
"Franklin, ME",ME,23007,85.3
"Hancock, ME",ME,23009,83
"Kennebec, ME",ME,23011,113.3
"Knox, ME",ME,23013,87.2
"Lincoln, ME",ME,23015,58.4
"Oxford, ME",ME,23017,86.9
"Penobscot, ME",ME,23019,102.3
"Piscataquis, ME",ME,23021,112.5
"Sagadahoc, ME",ME,23023,84.2
"Somerset, ME",ME,23025,87
"Waldo, ME",ME,23027,64.4
"Washington, ME",ME,23029,72.6
"York, ME",ME,23031,75.3
"Alcona, MI",MI,26001,31.8
"Alger, MI",MI,26003,82.2
"Allegan, MI",MI,26005,49.3
"Alpena, MI",MI,26007,110.6
"Antrim, MI",MI,26009,60.2
"Arenac, MI",MI,26011,88.9
"Baraga, MI",MI,26013,107.1
"Barry, MI",MI,26015,32.2
"Bay, MI",MI,26017,101.4
"Benzie, MI",MI,26019,70.7
"Berrien, MI",MI,26021,101
"Branch, MI",MI,26023,76.6
"Calhoun, MI",MI,26025,111.2
"Cass, MI",MI,26027,39.1
"Charlevoix, MI",MI,26029,101
"Cheboygan, MI",MI,26031,121.2
"Chippewa, MI",MI,26033,87.3
"Clare, MI",MI,26035,158
"Clinton, MI",MI,26037,43.5
"Crawford, MI",MI,26039,136.3
"Delta, MI",MI,26041,83.4
"Dickinson, MI",MI,26043,116.8
"Eaton, MI",MI,26045,95.5
"Emmet, MI",MI,26047,129.9
"Genesee, MI",MI,26049,125
"Gladwin, MI",MI,26051,121.9
"Gogebic, MI",MI,26053,98.3
"Grand Traverse, MI",MI,26055,145.5
"Gratiot, MI",MI,26057,78.4
"Hillsdale, MI",MI,26059,65.9
"Houghton, MI",MI,26061,37.6
"Huron, MI",MI,26063,68.3
"Ingham, MI",MI,26065,89.2
"Ionia, MI",MI,26067,66.7
"Iosco, MI",MI,26069,132.4
"Iron, MI",MI,26071,98.1
"Isabella, MI",MI,26073,78.9
"Jackson, MI",MI,26075,102.8
"Kalamazoo, MI",MI,26077,94.8
"Kalkaska, MI",MI,26079,112.8
"Kent, MI",MI,26081,83.7
"Keweenaw, MI",MI,26083,–
"Lake, MI",MI,26085,–
"Lapeer, MI",MI,26087,75.4
"Leelanau, MI",MI,26089,16.9
"Lenawee, MI",MI,26091,75.4
"Livingston, MI",MI,26093,65.5
"Luce, MI",MI,26095,155.5
"Mackinac, MI",MI,26097,83.6
"Macomb, MI",MI,26099,103.5
"Manistee, MI",MI,26101,109.3
"Marquette, MI",MI,26103,84.1
"Mason, MI",MI,26105,142.1
"Mecosta, MI",MI,26107,100.9
"Menominee, MI",MI,26109,64.5
"Midland, MI",MI,26111,82.3
"Missaukee, MI",MI,26113,20.3
"Monroe, MI",MI,26115,100.5
"Montcalm, MI",MI,26117,113.6
"Montmorency, MI",MI,26119,69.4
"Muskegon, MI",MI,26121,142.1
"Newaygo, MI",MI,26123,118.7
"Oakland, MI",MI,26125,78.5
"Oceana, MI",MI,26127,50.6
"Ogemaw, MI",MI,26129,146
"Ontonagon, MI",MI,26131,37.7
"Osceola, MI",MI,26133,77.8
"Oscoda, MI",MI,26135,146.4
"Otsego, MI",MI,26137,174
"Ottawa, MI",MI,26139,64.4
"Presque Isle, MI",MI,26141,52.8
"Roscommon, MI",MI,26143,169.2
"Saginaw, MI",MI,26145,101
"St. Clair, MI",MI,26147,98.9
"St. Joseph, MI",MI,26149,106.4
"Sanilac, MI",MI,26151,43.1
"Schoolcraft, MI",MI,26153,103.5
"Shiawassee, MI",MI,26155,104.2
"Tuscola, MI",MI,26157,66.4
"Van Buren, MI",MI,26159,92.1
"Washtenaw, MI",MI,26161,67.1
"Wayne, MI",MI,26163,95.1
"Wexford, MI",MI,26165,165.7
"Aitkin, MN",MN,27001,118.2
"Anoka, MN",MN,27003,66.2
"Becker, MN",MN,27005,55.1
"Beltrami, MN",MN,27007,74.2
"Benton, MN",MN,27009,53
"Big Stone, MN",MN,27011,115.7
"Blue Earth, MN",MN,27013,70.4
"Brown, MN",MN,27015,64.5
"Carlton, MN",MN,27017,96.6
"Carver, MN",MN,27019,50.2
"Cass, MN",MN,27021,44.8
"Chippewa, MN",MN,27023,56.5
"Chisago, MN",MN,27025,26.8
"Clay, MN",MN,27027,54.9
"Clearwater, MN",MN,27029,94.8
"Cook, MN",MN,27031,–
"Cottonwood, MN",MN,27033,65.8
"Crow Wing, MN",MN,27035,75.8
"Dakota, MN",MN,27037,63.4
"Dodge, MN",MN,27039,18
"Douglas, MN",MN,27041,89.1
"Faribault, MN",MN,27043,49.6
"Fillmore, MN",MN,27045,23.5
"Freeborn, MN",MN,27047,47.8
"Goodhue, MN",MN,27049,42.1
"Grant, MN",MN,27051,67.8
"Hennepin, MN",MN,27053,55.4
"Houston, MN",MN,27055,–
"Hubbard, MN",MN,27057,61.3
"Isanti, MN",MN,27059,50.3
"Itasca, MN",MN,27061,75.9
"Jackson, MN",MN,27063,35.8
"Kanabec, MN",MN,27065,89.3
"Kandiyohi, MN",MN,27067,62
"Kittson, MN",MN,27069,27.7
"Koochiching, MN",MN,27071,76.6
"Lac qui Parle, MN",MN,27073,56.3
"Lake, MN",MN,27075,–
"Lake of the Woods, MN",MN,27077,72.2
"Le Sueur, MN",MN,27079,26
"Lincoln, MN",MN,27081,64.3
"Lyon, MN",MN,27083,55.1
"McLeod, MN",MN,27085,79.1
"Mahnomen, MN",MN,27087,94.3
"Marshall, MN",MN,27089,26.9
"Martin, MN",MN,27091,107.7
"Meeker, MN",MN,27093,46.2
"Mille Lacs, MN",MN,27095,75.5
"Morrison, MN",MN,27097,53.6
"Mower, MN",MN,27099,59.8
"Murray, MN",MN,27101,26.6
"Nicollet, MN",MN,27103,25.8
"Nobles, MN",MN,27105,60.4
"Norman, MN",MN,27107,64.2
"Olmsted, MN",MN,27109,36.3
"Otter Tail, MN",MN,27111,55.7
"Pennington, MN",MN,27113,181.8
"Pine, MN",MN,27115,38.7
"Pipestone, MN",MN,27117,65.1
"Polk, MN",MN,27119,56.8
"Pope, MN",MN,27121,58.5
"Ramsey, MN",MN,27123,54.8
"Red Lake, MN",MN,27125,40
"Redwood, MN",MN,27127,52.4
"Renville, MN",MN,27129,36.6
"Rice, MN",MN,27131,53.2
"Rock, MN",MN,27133,49.9
"Roseau, MN",MN,27135,60.2
"St. Louis, MN",MN,27137,94.7
"Scott, MN",MN,27139,46.5
"Sherburne, MN",MN,27141,50.7
"Sibley, MN",MN,27143,18.2
"Stearns, MN",MN,27145,58.4
"Steele, MN",MN,27147,52.7
"Stevens, MN",MN,27149,50
"Swift, MN",MN,27151,57.5
"Todd, MN",MN,27153,30.3
"Traverse, MN",MN,27155,99.9
"Wabasha, MN",MN,27157,1.5
"Wadena, MN",MN,27159,191.4
"Waseca, MN",MN,27161,47
"Washington, MN",MN,27163,67.4
"Watonwan, MN",MN,27165,45.2
"Wilkin, MN",MN,27167,78.3
"Winona, MN",MN,27169,62.7
"Wright, MN",MN,27171,51.2
"Yellow Medicine, MN",MN,27173,57.6
"Adair, MO",MO,29001,114.4
"Andrew, MO",MO,29003,–
"Atchison, MO",MO,29005,60.8
"Audrain, MO",MO,29007,99.4
"Barry, MO",MO,29009,110.8
"Barton, MO",MO,29011,55.1
"Bates, MO",MO,29013,35.6
"Benton, MO",MO,29015,78.8
"Bollinger, MO",MO,29017,–
"Boone, MO",MO,29019,56.1
"Buchanan, MO",MO,29021,132.4
"Butler, MO",MO,29023,272.6
"Caldwell, MO",MO,29025,–
"Callaway, MO",MO,29027,65.1
"Camden, MO",MO,29029,115.2
"Cape Girardeau, MO",MO,29031,127
"Carroll, MO",MO,29033,113
"Carter, MO",MO,29035,–
"Cass, MO",MO,29037,98.4
"Cedar, MO",MO,29039,–
"Chariton, MO",MO,29041,–
"Christian, MO",MO,29043,111.2
"Clark, MO",MO,29045,37.1
"Clay, MO",MO,29047,92.2
"Clinton, MO",MO,29049,27.6
"Cole, MO",MO,29051,135.5
"Cooper, MO",MO,29053,20.9
"Crawford, MO",MO,29055,92
"Dade, MO",MO,29057,113.8
"Dallas, MO",MO,29059,27.9
"Daviess, MO",MO,29061,19.6
"DeKalb, MO",MO,29063,–
"Dent, MO",MO,29065,112.5
"Douglas, MO",MO,29067,38.9
"Dunklin, MO",MO,29069,166.5
"Franklin, MO",MO,29071,103.7
"Gasconade, MO",MO,29073,30.3
"Gentry, MO",MO,29075,34.9
"Greene, MO",MO,29077,140.7
"Grundy, MO",MO,29079,92.2
"Harrison, MO",MO,29081,87.4
"Henry, MO",MO,29083,103.9
"Hickory, MO",MO,29085,–
"Holt, MO",MO,29087,–
"Howard, MO",MO,29089,–
"Howell, MO",MO,29091,141.1
"Iron, MO",MO,29093,–
"Jackson, MO",MO,29095,87.3
"Jasper, MO",MO,29097,155.5
"Jefferson, MO",MO,29099,90.1
"Johnson, MO",MO,29101,50
"Knox, MO",MO,29103,–
"Laclede, MO",MO,29105,146.2
"Lafayette, MO",MO,29107,12.4
"Lawrence, MO",MO,29109,42.3
"Lewis, MO",MO,29111,45.4
"Lincoln, MO",MO,29113,99
"Linn, MO",MO,29115,72.6
"Livingston, MO",MO,29117,132.1
"McDonald, MO",MO,29119,51.4
"Macon, MO",MO,29121,42.3
"Madison, MO",MO,29123,141.3
"Maries, MO",MO,29125,–
"Marion, MO",MO,29127,117.2
"Mercer, MO",MO,29129,42.3
"Miller, MO",MO,29131,67.5
"Mississippi, MO",MO,29133,–
"Moniteau, MO",MO,29135,37.4
"Monroe, MO",MO,29137,–
"Montgomery, MO",MO,29139,76.4
"Morgan, MO",MO,29141,31.7
"New Madrid, MO",MO,29143,6.6
"Newton, MO",MO,29145,45.5
"Nodaway, MO",MO,29147,53.9
"Oregon, MO",MO,29149,37.9
"Osage, MO",MO,29151,1.5
"Ozark, MO",MO,29153,59.3
"Pemiscot, MO",MO,29155,184.1
"Perry, MO",MO,29157,125.5
"Pettis, MO",MO,29159,87.2
"Phelps, MO",MO,29161,144.7
"Pike, MO",MO,29163,46.4
"Platte, MO",MO,29165,75.4
"Polk, MO",MO,29167,163.8
"Pulaski, MO",MO,29169,59.4
"Putnam, MO",MO,29171,–
"Ralls, MO",MO,29173,–
"Randolph, MO",MO,29175,105.7
"Ray, MO",MO,29177,55.9
"Reynolds, MO",MO,29179,–
"Ripley, MO",MO,29181,192.4
"St. Charles, MO",MO,29183,87.4
"St. Clair, MO",MO,29185,–
"Ste. Genevieve, MO",MO,29186,29.9
"St. Francois, MO",MO,29187,169.3
"St. Louis, MO",MO,29189,80.1
"Saline, MO",MO,29195,24.3
"Schuyler, MO",MO,29197,–
"Scotland, MO",MO,29199,89.6
"Scott, MO",MO,29201,184.3
"Shannon, MO",MO,29203,–
"Shelby, MO",MO,29205,48.5
"Stoddard, MO",MO,29207,59
"Stone, MO",MO,29209,69.2
"Sullivan, MO",MO,29211,–
"Taney, MO",MO,29213,132
"Texas, MO",MO,29215,46.4
"Vernon, MO",MO,29217,92
"Warren, MO",MO,29219,86
"Washington, MO",MO,29221,70.9
"Wayne, MO",MO,29223,29.5
"Webster, MO",MO,29225,90.5
"Worth, MO",MO,29227,–
"Wright, MO",MO,29229,142.2
"St. Louis City, MO",MO,29510,57.6
"Adams, MS",MS,28001,203.1
"Alcorn, MS",MS,28003,238.8
"Amite, MS",MS,28005,64.6
"Attala, MS",MS,28007,137.6
"Benton, MS",MS,28009,73.3
"Bolivar, MS",MS,28011,97.5
"Calhoun, MS",MS,28013,89.9
"Carroll, MS",MS,28015,–
"Chickasaw, MS",MS,28017,93.5
"Choctaw, MS",MS,28019,–
"Claiborne, MS",MS,28021,92.2
"Clarke, MS",MS,28023,76.6
"Clay, MS",MS,28025,118.4
"Coahoma, MS",MS,28027,76.4
"Copiah, MS",MS,28029,98.4
"Covington, MS",MS,28031,76.2
"DeSoto, MS",MS,28033,119.7
"Forrest, MS",MS,28035,243.5
"Franklin, MS",MS,28037,98.2
"George, MS",MS,28039,203.5
"Greene, MS",MS,28041,7.3
"Grenada, MS",MS,28043,155.2
"Hancock, MS",MS,28045,96.1
"Harrison, MS",MS,28047,143.3
"Hinds, MS",MS,28049,87.2
"Holmes, MS",MS,28051,44.5
"Humphreys, MS",MS,28053,21.2
"Issaquena, MS",MS,28055,–
"Itawamba, MS",MS,28057,121.3
"Jackson, MS",MS,28059,153.1
"Jasper, MS",MS,28061,–
"Jefferson, MS",MS,28063,–
"Jefferson Davis, MS",MS,28065,135.1
"Jones, MS",MS,28067,158.1
"Kemper, MS",MS,28069,–
"Lafayette, MS",MS,28071,103.3
"Lamar, MS",MS,28073,34.4
"Lauderdale, MS",MS,28075,186.8
"Lawrence, MS",MS,28077,106.9
"Leake, MS",MS,28079,80.5
"Lee, MS",MS,28081,152.6
"Leflore, MS",MS,28083,119.1
"Lincoln, MS",MS,28085,145.6
"Lowndes, MS",MS,28087,139.9
"Madison, MS",MS,28089,74.9
"Marion, MS",MS,28091,226
"Marshall, MS",MS,28093,30.9
"Monroe, MS",MS,28095,109
"Montgomery, MS",MS,28097,96.2
"Neshoba, MS",MS,28099,196.2
"Newton, MS",MS,28101,43.4
"Noxubee, MS",MS,28103,93.8
"Oktibbeha, MS",MS,28105,77.4
"Panola, MS",MS,28107,132.7
"Pearl River, MS",MS,28109,149.8
"Perry, MS",MS,28111,82.3
"Pike, MS",MS,28113,164
"Pontotoc, MS",MS,28115,106.3
"Prentiss, MS",MS,28117,119.7
"Quitman, MS",MS,28119,–
"Rankin, MS",MS,28121,115.3
"Scott, MS",MS,28123,96.5
"Sharkey, MS",MS,28125,54
"Simpson, MS",MS,28127,147.1
"Smith, MS",MS,28129,28.7
"Stone, MS",MS,28131,165.6
"Sunflower, MS",MS,28133,52.5
"Tallahatchie, MS",MS,28135,11.3
"Tate, MS",MS,28137,125.2
"Tippah, MS",MS,28139,132.4
"Tishomingo, MS",MS,28141,148.4
"Tunica, MS",MS,28143,–
"Union, MS",MS,28145,123.4
"Walthall, MS",MS,28147,57.1
"Warren, MS",MS,28149,138.6
"Washington, MS",MS,28151,92.3
"Wayne, MS",MS,28153,151
"Webster, MS",MS,28155,–
"Wilkinson, MS",MS,28157,20.3
"Winston, MS",MS,28159,129.1
"Yalobusha, MS",MS,28161,58.7
"Yazoo, MS",MS,28163,58.3
"Beaverhead, MT",MT,30001,59.3
"Big Horn, MT",MT,30003,41.6
"Blaine, MT",MT,30005,46.5
"Broadwater, MT",MT,30007,44.1
"Carbon, MT",MT,30009,–
"Carter, MT",MT,30011,–
"Cascade, MT",MT,30013,113.7
"Chouteau, MT",MT,30015,65.8
"Custer, MT",MT,30017,101.6
"Daniels, MT",MT,30019,–
"Dawson, MT",MT,30021,96.9
"Deer Lodge, MT",MT,30023,101.2
"Fallon, MT",MT,30025,30.8
"Fergus, MT",MT,30027,76.8
"Flathead, MT",MT,30029,119
"Gallatin, MT",MT,30031,64.7
"Garfield, MT",MT,30033,12.7
"Glacier, MT",MT,30035,57.6
"Golden Valley, MT",MT,30037,–
"Granite, MT",MT,30039,–
"Hill, MT",MT,30041,140
"Jefferson, MT",MT,30043,15
"Judith Basin, MT",MT,30045,–
"Lake, MT",MT,30047,77.7
"Lewis and Clark, MT",MT,30049,79.9
"Liberty, MT",MT,30051,4.8
"Lincoln, MT",MT,30053,121.9
"McCone, MT",MT,30055,–
"Madison, MT",MT,30057,27.6
"Meagher, MT",MT,30059,54.6
"Mineral, MT",MT,30061,–
"Missoula, MT",MT,30063,107.8
"Musselshell, MT",MT,30065,–
"Park, MT",MT,30067,58.4
"Petroleum, MT",MT,30069,–
"Phillips, MT",MT,30071,56.3
"Pondera, MT",MT,30073,67.8
"Powder River, MT",MT,30075,70.9
"Powell, MT",MT,30077,83.1
"Prairie, MT",MT,30079,–
"Ravalli, MT",MT,30081,98.3
"Richland, MT",MT,30083,64.3
"Roosevelt, MT",MT,30085,33.9
"Rosebud, MT",MT,30087,38.7
"Sanders, MT",MT,30089,94.9
"Sheridan, MT",MT,30091,85.7
"Silver Bow, MT",MT,30093,118.9
"Stillwater, MT",MT,30095,48.8
"Sweet Grass, MT",MT,30097,–
"Teton, MT",MT,30099,71.5
"Toole, MT",MT,30101,67.2
"Treasure, MT",MT,30103,–
"Valley, MT",MT,30105,53.9
"Wheatland, MT",MT,30107,–
"Wibaux, MT",MT,30109,–
"Yellowstone, MT",MT,30111,90.4
"Alamance, NC",NC,37001,91.7
"Alexander, NC",NC,37003,35.7
"Alleghany, NC",NC,37005,93.8
"Anson, NC",NC,37007,68.5
"Ashe, NC",NC,37009,103.7
"Avery, NC",NC,37011,132.1
"Beaufort, NC",NC,37013,135.5
"Bertie, NC",NC,37015,62.8
"Bladen, NC",NC,37017,90
"Brunswick, NC",NC,37019,123.3
"Buncombe, NC",NC,37021,104.1
"Burke, NC",NC,37023,134.2
"Cabarrus, NC",NC,37025,108.8
"Caldwell, NC",NC,37027,116.9
"Camden, NC",NC,37029,–
"Carteret, NC",NC,37031,114.3
"Caswell, NC",NC,37033,–
"Catawba, NC",NC,37035,131.7
"Chatham, NC",NC,37037,44.3
"Cherokee, NC",NC,37039,128.3
"Chowan, NC",NC,37041,84.2
"Clay, NC",NC,37043,108.4
"Cleveland, NC",NC,37045,144.3
"Columbus, NC",NC,37047,175.9
"Craven, NC",NC,37049,128
"Cumberland, NC",NC,37051,84.2
"Currituck, NC",NC,37053,22.3
"Dare, NC",NC,37055,130.9
"Davidson, NC",NC,37057,91.4
"Davie, NC",NC,37059,99.9
"Duplin, NC",NC,37061,74.1
"Durham, NC",NC,37063,70.6
"Edgecombe, NC",NC,37065,47.6
"Forsyth, NC",NC,37067,87.9
"Franklin, NC",NC,37069,49.2
"Gaston, NC",NC,37071,141.7
"Gates, NC",NC,37073,–
"Graham, NC",NC,37075,119
"Granville, NC",NC,37077,65.8
"Greene, NC",NC,37079,50.2
"Guilford, NC",NC,37081,86.7
"Halifax, NC",NC,37083,122.1
"Harnett, NC",NC,37085,76
"Haywood, NC",NC,37087,113.4
"Henderson, NC",NC,37089,98.9
"Hertford, NC",NC,37091,120.3
"Hoke, NC",NC,37093,30.3
"Hyde, NC",NC,37095,–
"Iredell, NC",NC,37097,106.6
"Jackson, NC",NC,37099,55.5
"Johnston, NC",NC,37101,73.7
"Jones, NC",NC,37103,48.7
"Lee, NC",NC,37105,134.9
"Lenoir, NC",NC,37107,84.6
"Lincoln, NC",NC,37109,98.9
"McDowell, NC",NC,37111,94.8
"Macon, NC",NC,37113,112.6
"Madison, NC",NC,37115,73.8
"Martin, NC",NC,37117,72.6
"Mecklenburg, NC",NC,37119,64.3
"Mitchell, NC",NC,37121,110
"Montgomery, NC",NC,37123,74.1
"Moore, NC",NC,37125,114.7
"Nash, NC",NC,37127,111.4
"New Hanover, NC",NC,37129,114.9
"Northampton, NC",NC,37131,–
"Onslow, NC",NC,37133,79.1
"Orange, NC",NC,37135,43.3
"Pamlico, NC",NC,37137,60.2
"Pasquotank, NC",NC,37139,120.5
"Pender, NC",NC,37141,52.6
"Perquimans, NC",NC,37143,44.7
"Person, NC",NC,37145,94.3
"Pitt, NC",NC,37147,87.7
"Polk, NC",NC,37149,74
"Randolph, NC",NC,37151,78.4
"Richmond, NC",NC,37153,144.8
"Robeson, NC",NC,37155,106.9
"Rockingham, NC",NC,37157,143.3
"Rowan, NC",NC,37159,92.4
"Rutherford, NC",NC,37161,71.1
"Sampson, NC",NC,37163,85
"Scotland, NC",NC,37165,140.5
"Stanly, NC",NC,37167,116.2
"Stokes, NC",NC,37169,87.6
"Surry, NC",NC,37171,169
"Swain, NC",NC,37173,98.7
"Transylvania, NC",NC,37175,101.3
"Tyrrell, NC",NC,37177,91.8
"Union, NC",NC,37179,71
"Vance, NC",NC,37181,152
"Wake, NC",NC,37183,64.7
"Warren, NC",NC,37185,32.7
"Washington, NC",NC,37187,67.9
"Watauga, NC",NC,37189,95.2
"Wayne, NC",NC,37191,67.8
"Wilkes, NC",NC,37193,109.4
"Wilson, NC",NC,37195,96.1
"Yadkin, NC",NC,37197,83.5
"Yancey, NC",NC,37199,134.9
"Adams, ND",ND,38001,155.4
"Barnes, ND",ND,38003,83.8
"Benson, ND",ND,38005,4.2
"Billings, ND",ND,38007,–
"Bottineau, ND",ND,38009,42.8
"Bowman, ND",ND,38011,58.5
"Burke, ND",ND,38013,–
"Burleigh, ND",ND,38015,79
"Cass, ND",ND,38017,52.8
"Cavalier, ND",ND,38019,–
"Dickey, ND",ND,38021,59.7
"Divide, ND",ND,38023,56.3
"Dunn, ND",ND,38025,28.8
"Eddy, ND",ND,38027,66.9
"Emmons, ND",ND,38029,55.9
"Foster, ND",ND,38031,76.7
"Golden Valley, ND",ND,38033,74.3
"Grand Forks, ND",ND,38035,70.8
"Grant, ND",ND,38037,35.1
"Griggs, ND",ND,38039,37.4
"Hettinger, ND",ND,38041,53.5
"Kidder, ND",ND,38043,29.9
"LaMoure, ND",ND,38045,35.2
"Logan, ND",ND,38047,34.4
"McHenry, ND",ND,38049,14
"McIntosh, ND",ND,38051,78.5
"McKenzie, ND",ND,38053,37.1
"McLean, ND",ND,38055,61.2
"Mercer, ND",ND,38057,68.7
"Morton, ND",ND,38059,59.6
"Mountrail, ND",ND,38061,35.6
"Nelson, ND",ND,38063,–
"Oliver, ND",ND,38065,–
"Pembina, ND",ND,38067,55
"Pierce, ND",ND,38069,82.5
"Ramsey, ND",ND,38071,148.3
"Ransom, ND",ND,38073,66.2
"Renville, ND",ND,38075,30.5
"Richland, ND",ND,38077,46.8
"Rolette, ND",ND,38079,34.3
"Sargent, ND",ND,38081,–
"Sheridan, ND",ND,38083,–
"Sioux, ND",ND,38085,–
"Slope, ND",ND,38087,–
"Stark, ND",ND,38089,86.1
"Steele, ND",ND,38091,–
"Stutsman, ND",ND,38093,91.2
"Towner, ND",ND,38095,36.6
"Traill, ND",ND,38097,34.9
"Walsh, ND",ND,38099,51.3
"Ward, ND",ND,38101,52.6
"Wells, ND",ND,38103,59.1
"Williams, ND",ND,38105,76.3
"Adams, NE",NE,31001,80.3
"Antelope, NE",NE,31003,47.1
"Arthur, NE",NE,31005,–
"Banner, NE",NE,31007,–
"Blaine, NE",NE,31009,–
"Boone, NE",NE,31011,–
"Box Butte, NE",NE,31013,34.5
"Boyd, NE",NE,31015,–
"Brown, NE",NE,31017,40.4
"Buffalo, NE",NE,31019,75.3
"Burt, NE",NE,31021,21.5
"Butler, NE",NE,31023,71.1
"Cass, NE",NE,31025,22.4
"Cedar, NE",NE,31027,30.2
"Chase, NE",NE,31029,80.7
"Cherry, NE",NE,31031,59.6
"Cheyenne, NE",NE,31033,86.2
"Clay, NE",NE,31035,–
"Colfax, NE",NE,31037,–
"Cuming, NE",NE,31039,28.8
"Custer, NE",NE,31041,93.5
"Dakota, NE",NE,31043,55.6
"Dawes, NE",NE,31045,47.6
"Dawson, NE",NE,31047,54.3
"Deuel, NE",NE,31049,–
"Dixon, NE",NE,31051,9.2
"Dodge, NE",NE,31053,101.7
"Douglas, NE",NE,31055,69.6
"Dundy, NE",NE,31057,100.7
"Fillmore, NE",NE,31059,–
"Franklin, NE",NE,31061,–
"Frontier, NE",NE,31063,–
"Furnas, NE",NE,31065,–
"Gage, NE",NE,31067,74.8
"Garden, NE",NE,31069,35.6
"Garfield, NE",NE,31071,–
"Gosper, NE",NE,31073,–
"Grant, NE",NE,31075,–
"Greeley, NE",NE,31077,–
"Hall, NE",NE,31079,87.4
"Hamilton, NE",NE,31081,59.6
"Harlan, NE",NE,31083,86.8
"Hayes, NE",NE,31085,–
"Hitchcock, NE",NE,31087,–
"Holt, NE",NE,31089,64
"Hooker, NE",NE,31091,–
"Howard, NE",NE,31093,78
"Jefferson, NE",NE,31095,30.9
"Johnson, NE",NE,31097,43.1
"Kearney, NE",NE,31099,74.8
"Keith, NE",NE,31101,111.2
"Keya Paha, NE",NE,31103,–
"Kimball, NE",NE,31105,–
"Knox, NE",NE,31107,32.3
"Lancaster, NE",NE,31109,74.5
"Lincoln, NE",NE,31111,96.6
"Logan, NE",NE,31113,–
"Loup, NE",NE,31115,–
"McPherson, NE",NE,31117,–
"Madison, NE",NE,31119,89.1
"Merrick, NE",NE,31121,68.1
"Morrill, NE",NE,31123,58.3
"Nance, NE",NE,31125,–
"Nemaha, NE",NE,31127,97.6
"Nuckolls, NE",NE,31129,143.1
"Otoe, NE",NE,31131,87.3
"Pawnee, NE",NE,31133,–
"Perkins, NE",NE,31135,–
"Phelps, NE",NE,31137,125.7
"Pierce, NE",NE,31139,30.9
"Platte, NE",NE,31141,73.2
"Polk, NE",NE,31143,27.3
"Red Willow, NE",NE,31145,111.5
"Richardson, NE",NE,31147,75.9
"Rock, NE",NE,31149,–
"Saline, NE",NE,31151,82.3
"Sarpy, NE",NE,31153,57.3
"Saunders, NE",NE,31155,50.9
"Scotts Bluff, NE",NE,31157,102
"Seward, NE",NE,31159,40.7
"Sheridan, NE",NE,31161,47.6
"Sherman, NE",NE,31163,–
"Sioux, NE",NE,31165,–
"Stanton, NE",NE,31167,–
"Thayer, NE",NE,31169,–
"Thomas, NE",NE,31171,–
"Thurston, NE",NE,31173,35.6
"Valley, NE",NE,31175,–
"Washington, NE",NE,31177,56.7
"Wayne, NE",NE,31179,36.1
"Webster, NE",NE,31181,–
"Wheeler, NE",NE,31183,–
"York, NE",NE,31185,85.4
"Belknap, NH",NH,33001,92.8
"Carroll, NH",NH,33003,76.4
"Cheshire, NH",NH,33005,86
"Coos, NH",NH,33007,81.3
"Grafton, NH",NH,33009,83.1
"Hillsborough, NH",NH,33011,75.5
"Merrimack, NH",NH,33013,90.7
"Rockingham, NH",NH,33015,76.9
"Strafford, NH",NH,33017,99.6
"Sullivan, NH",NH,33019,63
"Atlantic, NJ",NJ,34001,89
"Bergen, NJ",NJ,34003,49.1
"Burlington, NJ",NJ,34005,71.1
"Camden, NJ",NJ,34007,92.1
"Cape May, NJ",NJ,34009,102.7
"Cumberland, NJ",NJ,34011,91.9
"Essex, NJ",NJ,34013,43
"Gloucester, NJ",NJ,34015,83.8
"Hudson, NJ",NJ,34017,39.4
"Hunterdon, NJ",NJ,34019,41.2
"Mercer, NJ",NJ,34021,58.6
"Middlesex, NJ",NJ,34023,52.4
"Monmouth, NJ",NJ,34025,67
"Morris, NJ",NJ,34027,51.8
"Ocean, NJ",NJ,34029,82.9
"Passaic, NJ",NJ,34031,50.4
"Salem, NJ",NJ,34033,80.8
"Somerset, NJ",NJ,34035,42.9
"Sussex, NJ",NJ,34037,54
"Union, NJ",NJ,34039,49.6
"Warren, NJ",NJ,34041,66.2
"Bernalillo, NM",NM,35001,84
"Catron, NM",NM,35003,–
"Chaves, NM",NM,35005,105.1
"Cibola, NM",NM,35006,13.9
"Colfax, NM",NM,35007,18.3
"Curry, NM",NM,35009,64
"De Baca, NM",NM,35011,–
"Dona Ana, NM",NM,35013,54.4
"Eddy, NM",NM,35015,79.4
"Grant, NM",NM,35017,107.1
"Guadalupe, NM",NM,35019,19.4
"Harding, NM",NM,35021,–
"Hidalgo, NM",NM,35023,–
"Lea, NM",NM,35025,76.1
"Lincoln, NM",NM,35027,122.2
"Los Alamos, NM",NM,35028,60.2
"Luna, NM",NM,35029,56.7
"McKinley, NM",NM,35031,29.3
"Mora, NM",NM,35033,–
"Otero, NM",NM,35035,72.8
"Quay, NM",NM,35037,95.1
"Rio Arriba, NM",NM,35039,97.4
"Roosevelt, NM",NM,35041,25.7
"Sandoval, NM",NM,35043,63.7
"San Juan, NM",NM,35045,72.4
"San Miguel, NM",NM,35047,83.5
"Santa Fe, NM",NM,35049,101.4
"Sierra, NM",NM,35051,90.1
"Socorro, NM",NM,35053,63
"Taos, NM",NM,35055,91
"Torrance, NM",NM,35057,33.7
"Union, NM",NM,35059,66.4
"Valencia, NM",NM,35061,90.4
"Churchill, NV",NV,32001,119.3
"Clark, NV",NV,32003,91.7
"Douglas, NV",NV,32005,114.9
"Elko, NV",NV,32007,79.7
"Esmeralda, NV",NV,32009,–
"Eureka, NV",NV,32011,–
"Humboldt, NV",NV,32013,75.3
"Lander, NV",NV,32015,–
"Lincoln, NV",NV,32017,68.2
"Lyon, NV",NV,32019,91.7
"Mineral, NV",NV,32021,145.1
"Nye, NV",NV,32023,120.1
"Pershing, NV",NV,32027,–
"Storey, NV",NV,32029,–
"Washoe, NV",NV,32031,95.9
"White Pine, NV",NV,32033,143.8
"Carson City, NV",NV,32510,149.9
"Albany, NY",NY,36001,61.1
"Allegany, NY",NY,36003,64.4
"Bronx, NY",NY,36005,34.1
"Broome, NY",NY,36007,83
"Cattaraugus, NY",NY,36009,87.4
"Cayuga, NY",NY,36011,32.7
"Chautauqua, NY",NY,36013,93.8
"Chemung, NY",NY,36015,94.8
"Chenango, NY",NY,36017,69.8
"Clinton, NY",NY,36019,36.9
"Columbia, NY",NY,36021,65.2
"Cortland, NY",NY,36023,40.4
"Delaware, NY",NY,36025,76.1
"Dutchess, NY",NY,36027,65.5
"Erie, NY",NY,36029,87.2
"Essex, NY",NY,36031,30.4
"Franklin, NY",NY,36033,26.5
"Fulton, NY",NY,36035,83.6
"Genesee, NY",NY,36037,71
"Greene, NY",NY,36039,75.9
"Hamilton, NY",NY,36041,–
"Herkimer, NY",NY,36043,39.9
"Jefferson, NY",NY,36045,27.9
"Kings, NY",NY,36047,27.1
"Lewis, NY",NY,36049,14.1
"Livingston, NY",NY,36051,50.3
"Madison, NY",NY,36053,46.9
"Monroe, NY",NY,36055,60.1
"Montgomery, NY",NY,36057,78.1
"Nassau, NY",NY,36059,50.8
"New York, NY",NY,36061,45.5
"Niagara, NY",NY,36063,100
"Oneida, NY",NY,36065,62
"Onondaga, NY",NY,36067,54.5
"Ontario, NY",NY,36069,54.7
"Orange, NY",NY,36071,65.6
"Orleans, NY",NY,36073,58.2
"Oswego, NY",NY,36075,40.3
"Otsego, NY",NY,36077,54
"Putnam, NY",NY,36079,44.2
"Queens, NY",NY,36081,26.9
"Rensselaer, NY",NY,36083,62.2
"Richmond, NY",NY,36085,59.2
"Rockland, NY",NY,36087,39.7
"St. Lawrence, NY",NY,36089,22.6
"Saratoga, NY",NY,36091,56.9
"Schenectady, NY",NY,36093,66.8
"Schoharie, NY",NY,36095,33
"Schuyler, NY",NY,36097,29.7
"Seneca, NY",NY,36099,29.6
"Steuben, NY",NY,36101,70.9
"Suffolk, NY",NY,36103,69.7
"Sullivan, NY",NY,36105,81.4
"Tioga, NY",NY,36107,45.9
"Tompkins, NY",NY,36109,45.3
"Ulster, NY",NY,36111,67.4
"Warren, NY",NY,36113,88.8
"Washington, NY",NY,36115,71.8
"Wayne, NY",NY,36117,60.3
"Westchester, NY",NY,36119,41.8
"Wyoming, NY",NY,36121,45.9
"Yates, NY",NY,36123,58.7
"Adams, OH",OH,39001,150.3
"Allen, OH",OH,39003,107.5
"Ashland, OH",OH,39005,52.2
"Ashtabula, OH",OH,39007,100.4
"Athens, OH",OH,39009,106.8
"Auglaize, OH",OH,39011,43.9
"Belmont, OH",OH,39013,137
"Brown, OH",OH,39015,115.2
"Butler, OH",OH,39017,104.7
"Carroll, OH",OH,39019,56.5
"Champaign, OH",OH,39021,83
"Clark, OH",OH,39023,127.3
"Clermont, OH",OH,39025,124.2
"Clinton, OH",OH,39027,146.2
"Columbiana, OH",OH,39029,100.7
"Coshocton, OH",OH,39031,84.8
"Crawford, OH",OH,39033,116.6
"Cuyahoga, OH",OH,39035,76.1
"Darke, OH",OH,39037,58.8
"Defiance, OH",OH,39039,86.8
"Delaware, OH",OH,39041,76.5
"Erie, OH",OH,39043,114.3
"Fairfield, OH",OH,39045,102.6
"Fayette, OH",OH,39047,124.9
"Franklin, OH",OH,39049,119.5
"Fulton, OH",OH,39051,80.1
"Gallia, OH",OH,39053,174.6
"Geauga, OH",OH,39055,64.4
"Greene, OH",OH,39057,92.4
"Guernsey, OH",OH,39059,116.6
"Hamilton, OH",OH,39061,102.9
"Hancock, OH",OH,39063,84
"Hardin, OH",OH,39065,82.5
"Harrison, OH",OH,39067,68.7
"Henry, OH",OH,39069,57.1
"Highland, OH",OH,39071,135
"Hocking, OH",OH,39073,98.8
"Holmes, OH",OH,39075,32.1
"Huron, OH",OH,39077,118.5
"Jackson, OH",OH,39079,198
"Jefferson, OH",OH,39081,152.3
"Knox, OH",OH,39083,61.5
"Lake, OH",OH,39085,86.5
"Lawrence, OH",OH,39087,138.8
"Licking, OH",OH,39089,84.3
"Logan, OH",OH,39091,114.8
"Lorain, OH",OH,39093,91.2
"Lucas, OH",OH,39095,111
"Madison, OH",OH,39097,67.9
"Mahoning, OH",OH,39099,123.1
"Marion, OH",OH,39101,121.2
"Medina, OH",OH,39103,83.5
"Meigs, OH",OH,39105,126.1
"Mercer, OH",OH,39107,55.7
"Miami, OH",OH,39109,67.6
"Monroe, OH",OH,39111,63.6
"Montgomery, OH",OH,39113,117.3
"Morgan, OH",OH,39115,48.2
"Morrow, OH",OH,39117,49.1
"Muskingum, OH",OH,39119,127.8
"Noble, OH",OH,39121,74.9
"Ottawa, OH",OH,39123,74.6
"Paulding, OH",OH,39125,47.8
"Perry, OH",OH,39127,115.5
"Pickaway, OH",OH,39129,102.2
"Pike, OH",OH,39131,120.2
"Portage, OH",OH,39133,82.3
"Preble, OH",OH,39135,82.8
"Putnam, OH",OH,39137,44.4
"Richland, OH",OH,39139,109.7
"Ross, OH",OH,39141,155.9
"Sandusky, OH",OH,39143,86
"Scioto, OH",OH,39145,161.4
"Seneca, OH",OH,39147,82.6
"Shelby, OH",OH,39149,76.5
"Stark, OH",OH,39151,114.9
"Summit, OH",OH,39153,106.7
"Trumbull, OH",OH,39155,110.6
"Tuscarawas, OH",OH,39157,93.8
"Union, OH",OH,39159,83.9
"Van Wert, OH",OH,39161,57.7
"Vinton, OH",OH,39163,42.4
"Warren, OH",OH,39165,83.4
"Washington, OH",OH,39167,148
"Wayne, OH",OH,39169,78.2
"Williams, OH",OH,39171,68.1
"Wood, OH",OH,39173,58.6
"Wyandot, OH",OH,39175,58
"Adair, OK",OK,40001,21.7
"Alfalfa, OK",OK,40003,–
"Atoka, OK",OK,40005,28.8
"Beaver, OK",OK,40007,–
"Beckham, OK",OK,40009,154.5
"Blaine, OK",OK,40011,–
"Bryan, OK",OK,40013,183.9
"Caddo, OK",OK,40015,83
"Canadian, OK",OK,40017,106.6
"Carter, OK",OK,40019,185.9
"Cherokee, OK",OK,40021,99.5
"Choctaw, OK",OK,40023,67.3
"Cimarron, OK",OK,40025,70.2
"Cleveland, OK",OK,40027,130.1
"Coal, OK",OK,40029,103.4
"Comanche, OK",OK,40031,102.7
"Cotton, OK",OK,40033,–
"Craig, OK",OK,40035,121.3
"Creek, OK",OK,40037,114.7
"Custer, OK",OK,40039,149
"Delaware, OK",OK,40041,113.9
"Dewey, OK",OK,40043,–
"Ellis, OK",OK,40045,–
"Garfield, OK",OK,40047,130.9
"Garvin, OK",OK,40049,85.1
"Grady, OK",OK,40051,72.7
"Grant, OK",OK,40053,33.7
"Greer, OK",OK,40055,58.5
"Harmon, OK",OK,40057,250.9
"Harper, OK",OK,40059,–
"Haskell, OK",OK,40061,58.6
"Hughes, OK",OK,40063,46.6
"Jackson, OK",OK,40065,177.5
"Jefferson, OK",OK,40067,33
"Johnston, OK",OK,40069,–
"Kay, OK",OK,40071,124.6
"Kingfisher, OK",OK,40073,85.3
"Kiowa, OK",OK,40075,34.6
"Latimer, OK",OK,40077,–
"Le Flore, OK",OK,40079,78
"Lincoln, OK",OK,40081,17.5
"Logan, OK",OK,40083,60.5
"Love, OK",OK,40085,34.8
"McClain, OK",OK,40087,144.5
"McCurtain, OK",OK,40089,126.5
"McIntosh, OK",OK,40091,30.5
"Major, OK",OK,40093,–
"Marshall, OK",OK,40095,38.5
"Mayes, OK",OK,40097,40.5
"Murray, OK",OK,40099,97.2
"Muskogee, OK",OK,40101,126
"Noble, OK",OK,40103,24.2
"Nowata, OK",OK,40105,56.4
"Okfuskee, OK",OK,40107,–
"Oklahoma, OK",OK,40109,144.5
"Okmulgee, OK",OK,40111,137.7
"Osage, OK",OK,40113,26.6
"Ottawa, OK",OK,40115,97.7
"Pawnee, OK",OK,40117,92.9
"Payne, OK",OK,40119,96.5
"Pittsburg, OK",OK,40121,197.4
"Pontotoc, OK",OK,40123,113.8
"Pottawatomie, OK",OK,40125,171.8
"Pushmataha, OK",OK,40127,–
"Roger Mills, OK",OK,40129,–
"Rogers, OK",OK,40131,114.5
"Seminole, OK",OK,40133,100.1
"Sequoyah, OK",OK,40135,67.7
"Stephens, OK",OK,40137,149.7
"Texas, OK",OK,40139,90.1
"Tillman, OK",OK,40141,46.4
"Tulsa, OK",OK,40143,134.6
"Wagoner, OK",OK,40145,43.8
"Washington, OK",OK,40147,101.4
"Washita, OK",OK,40149,–
"Woods, OK",OK,40151,47.4
"Woodward, OK",OK,40153,125.3
"Baker, OR",OR,41001,143.7
"Benton, OR",OR,41003,56.5
"Clackamas, OR",OR,41005,96.3
"Clatsop, OR",OR,41007,187
"Columbia, OR",OR,41009,89.7
"Coos, OR",OR,41011,175.3
"Crook, OR",OR,41013,107.6
"Curry, OR",OR,41015,155.1
"Deschutes, OR",OR,41017,108.5
"Douglas, OR",OR,41019,124.5
"Gilliam, OR",OR,41021,–
"Grant, OR",OR,41023,104.4
"Harney, OR",OR,41025,122.1
"Hood River, OR",OR,41027,110.7
"Jackson, OR",OR,41029,136
"Jefferson, OR",OR,41031,68.1
"Josephine, OR",OR,41033,147.6
"Klamath, OR",OR,41035,101.2
"Lake, OR",OR,41037,121.3
"Lane, OR",OR,41039,113.1
"Lincoln, OR",OR,41041,142
"Linn, OR",OR,41043,118.8
"Malheur, OR",OR,41045,126.6
"Marion, OR",OR,41047,82.4
"Morrow, OR",OR,41049,24.8
"Multnomah, OR",OR,41051,82.9
"Polk, OR",OR,41053,63.4
"Sherman, OR",OR,41055,–
"Tillamook, OR",OR,41057,128.3
"Umatilla, OR",OR,41059,105.4
"Union, OR",OR,41061,87
"Wallowa, OR",OR,41063,82.3
"Wasco, OR",OR,41065,184.5
"Washington, OR",OR,41067,75.1
"Wheeler, OR",OR,41069,–
"Yamhill, OR",OR,41071,103.6
"Adams, PA",PA,42001,48.8
"Allegheny, PA",PA,42003,85
"Armstrong, PA",PA,42005,80.1
"Beaver, PA",PA,42007,88.7
"Bedford, PA",PA,42009,64.5
"Berks, PA",PA,42011,61.1
"Blair, PA",PA,42013,114.6
"Bradford, PA",PA,42015,67.9
"Bucks, PA",PA,42017,76
"Butler, PA",PA,42019,75.5
"Cambria, PA",PA,42021,114.3
"Cameron, PA",PA,42023,113.8
"Carbon, PA",PA,42025,74.6
"Centre, PA",PA,42027,56.8
"Chester, PA",PA,42029,54.8
"Clarion, PA",PA,42031,69.1
"Clearfield, PA",PA,42033,82.6
"Clinton, PA",PA,42035,65.1
"Columbia, PA",PA,42037,77.4
"Crawford, PA",PA,42039,97.3
"Cumberland, PA",PA,42041,80.1
"Dauphin, PA",PA,42043,73.9
"Delaware, PA",PA,42045,81.5
"Elk, PA",PA,42047,87.7
"Erie, PA",PA,42049,96.7
"Fayette, PA",PA,42051,136.9
"Forest, PA",PA,42053,40.3
"Franklin, PA",PA,42055,64.9
"Fulton, PA",PA,42057,1.2
"Greene, PA",PA,42059,67.8
"Huntingdon, PA",PA,42061,47.4
"Indiana, PA",PA,42063,74.4
"Jefferson, PA",PA,42065,81.8
"Juniata, PA",PA,42067,61.3
"Lackawanna, PA",PA,42069,120.2
"Lancaster, PA",PA,42071,62.5
"Lawrence, PA",PA,42073,110.1
"Lebanon, PA",PA,42075,62.8
"Lehigh, PA",PA,42077,51.5
"Luzerne, PA",PA,42079,98.7
"Lycoming, PA",PA,42081,93.8
"McKean, PA",PA,42083,103.5
"Mercer, PA",PA,42085,117.6
"Mifflin, PA",PA,42087,94
"Monroe, PA",PA,42089,92.2
"Montgomery, PA",PA,42091,68.9
"Montour, PA",PA,42093,79
"Northampton, PA",PA,42095,73
"Northumberland, PA",PA,42097,91.7
"Perry, PA",PA,42099,62.7
"Philadelphia, PA",PA,42101,79
"Pike, PA",PA,42103,55
"Potter, PA",PA,42105,81.3
"Schuylkill, PA",PA,42107,79.6
"Snyder, PA",PA,42109,66.4
"Somerset, PA",PA,42111,64.8
"Sullivan, PA",PA,42113,40.9
"Susquehanna, PA",PA,42115,61.1
"Tioga, PA",PA,42117,84.2
"Union, PA",PA,42119,56.4
"Venango, PA",PA,42121,90.7
"Warren, PA",PA,42123,62.6
"Washington, PA",PA,42125,85.3
"Wayne, PA",PA,42127,83.7
"Westmoreland, PA",PA,42129,82.3
"Wyoming, PA",PA,42131,89.9
"York, PA",PA,42133,67.1
"Bristol, RI",RI,44001,58
"Kent, RI",RI,44003,101.3
"Newport, RI",RI,44005,71.9
"Providence, RI",RI,44007,80.5
"Washington, RI",RI,44009,84.6
"Abbeville, SC",SC,45001,58.2
"Aiken, SC",SC,45003,94.9
"Allendale, SC",SC,45005,46.3
"Anderson, SC",SC,45007,111.1
"Bamberg, SC",SC,45009,88.3
"Barnwell, SC",SC,45011,106.3
"Beaufort, SC",SC,45013,69.1
"Berkeley, SC",SC,45015,61.4
"Calhoun, SC",SC,45017,27.3
"Charleston, SC",SC,45019,86
"Cherokee, SC",SC,45021,124
"Chester, SC",SC,45023,64.8
"Chesterfield, SC",SC,45025,91.1
"Clarendon, SC",SC,45027,59.6
"Colleton, SC",SC,45029,115.5
"Darlington, SC",SC,45031,128.5
"Dillon, SC",SC,45033,98.9
"Dorchester, SC",SC,45035,99.5
"Edgefield, SC",SC,45037,37.7
"Fairfield, SC",SC,45039,66.4
"Florence, SC",SC,45041,130.5
"Georgetown, SC",SC,45043,94.1
"Greenville, SC",SC,45045,117.8
"Greenwood, SC",SC,45047,119.7
"Hampton, SC",SC,45049,69.1
"Horry, SC",SC,45051,115.6
"Jasper, SC",SC,45053,57.1
"Kershaw, SC",SC,45055,66.5
"Lancaster, SC",SC,45057,102.5
"Laurens, SC",SC,45059,80.9
"Lee, SC",SC,45061,55.4
"Lexington, SC",SC,45063,96.9
"McCormick, SC",SC,45065,24.6
"Marion, SC",SC,45067,98.8
"Marlboro, SC",SC,45069,95.2
"Newberry, SC",SC,45071,83.5
"Oconee, SC",SC,45073,151
"Orangeburg, SC",SC,45075,88.2
"Pickens, SC",SC,45077,108.6
"Richland, SC",SC,45079,72.8
"Saluda, SC",SC,45081,59.1
"Spartanburg, SC",SC,45083,123.3
"Sumter, SC",SC,45085,69.6
"Union, SC",SC,45087,131.7
"Williamsburg, SC",SC,45089,88.9
"York, SC",SC,45091,77.9
"Aurora, SD",SD,46003,–
"Beadle, SD",SD,46005,63
"Bennett, SD",SD,46007,–
"Bon Homme, SD",SD,46009,10.7
"Brookings, SD",SD,46011,35.9
"Brown, SD",SD,46013,63.1
"Brule, SD",SD,46015,71
"Buffalo, SD",SD,46017,–
"Butte, SD",SD,46019,16.9
"Campbell, SD",SD,46021,–
"Charles Mix, SD",SD,46023,36.6
"Clark, SD",SD,46025,–
"Clay, SD",SD,46027,34.1
"Codington, SD",SD,46029,79
"Corson, SD",SD,46031,–
"Custer, SD",SD,46033,56.8
"Davison, SD",SD,46035,97.1
"Day, SD",SD,46037,–
"Deuel, SD",SD,46039,–
"Dewey, SD",SD,46041,–
"Douglas, SD",SD,46043,51.1
"Edmunds, SD",SD,46045,33.8
"Fall River, SD",SD,46047,60
"Faulk, SD",SD,46049,42.1
"Grant, SD",SD,46051,67.2
"Gregory, SD",SD,46053,77.8
"Haakon, SD",SD,46055,74.8
"Hamlin, SD",SD,46057,–
"Hand, SD",SD,46059,50.1
"Hanson, SD",SD,46061,–
"Harding, SD",SD,46063,–
"Hughes, SD",SD,46065,94.4
"Hutchinson, SD",SD,46067,71.4
"Hyde, SD",SD,46069,–
"Jackson, SD",SD,46071,–
"Jerauld, SD",SD,46073,75.9
"Jones, SD",SD,46075,–
"Kingsbury, SD",SD,46077,50.5
"Lake, SD",SD,46079,34
"Lawrence, SD",SD,46081,77.5
"Lincoln, SD",SD,46083,24.4
"Lyman, SD",SD,46085,–
"McCook, SD",SD,46087,40.8
"McPherson, SD",SD,46089,57.5
"Marshall, SD",SD,46091,46.6
"Meade, SD",SD,46093,18.2
"Mellette, SD",SD,46095,–
"Miner, SD",SD,46097,37.4
"Minnehaha, SD",SD,46099,62.2
"Moody, SD",SD,46101,28.6
"Pennington, SD",SD,46103,81.3
"Perkins, SD",SD,46105,39.9
"Potter, SD",SD,46107,144.8
"Roberts, SD",SD,46109,23.7
"Sanborn, SD",SD,46111,–
"Shannon, SD",SD,46113,–
"Spink, SD",SD,46115,–
"Stanley, SD",SD,46117,–
"Sully, SD",SD,46119,–
"Todd, SD",SD,46121,–
"Tripp, SD",SD,46123,59.2
"Turner, SD",SD,46125,35
"Union, SD",SD,46127,51.3
"Walworth, SD",SD,46129,66
"Yankton, SD",SD,46135,75.8
"Ziebach, SD",SD,46137,–
"Anderson, TN",TN,47001,204
"Bedford, TN",TN,47003,114.2
"Benton, TN",TN,47005,21.5
"Bledsoe, TN",TN,47007,124
"Blount, TN",TN,47009,138
"Bradley, TN",TN,47011,169.4
"Campbell, TN",TN,47013,233.7
"Cannon, TN",TN,47015,127.6
"Carroll, TN",TN,47017,265.8
"Carter, TN",TN,47019,140.6
"Cheatham, TN",TN,47021,83.8
"Chester, TN",TN,47023,115.7
"Claiborne, TN",TN,47025,210
"Clay, TN",TN,47027,239
"Cocke, TN",TN,47029,240.7
"Coffee, TN",TN,47031,217.5
"Crockett, TN",TN,47033,86
"Cumberland, TN",TN,47035,174.9
"Davidson, TN",TN,47037,112.9
"Decatur, TN",TN,47039,181.2
"DeKalb, TN",TN,47041,203.6
"Dickson, TN",TN,47043,155.3
"Dyer, TN",TN,47045,221.2
"Fayette, TN",TN,47047,80.9
"Fentress, TN",TN,47049,177.8
"Franklin, TN",TN,47051,130
"Gibson, TN",TN,47053,160.2
"Giles, TN",TN,47055,77.5
"Grainger, TN",TN,47057,95.9
"Greene, TN",TN,47059,166.9
"Grundy, TN",TN,47061,181.6
"Hamblen, TN",TN,47063,283.1
"Hamilton, TN",TN,47065,162.7
"Hancock, TN",TN,47067,87.6
"Hardeman, TN",TN,47069,93.5
"Hardin, TN",TN,47071,187.9
"Hawkins, TN",TN,47073,96.6
"Haywood, TN",TN,47075,115.3
"Henderson, TN",TN,47077,165.9
"Henry, TN",TN,47079,264.7
"Hickman, TN",TN,47081,29.1
"Houston, TN",TN,47083,90.7
"Humphreys, TN",TN,47085,118.3
"Jackson, TN",TN,47087,12.2
"Jefferson, TN",TN,47089,152.1
"Johnson, TN",TN,47091,101.7
"Knox, TN",TN,47093,173.6
"Lake, TN",TN,47095,37.3
"Lauderdale, TN",TN,47097,123.7
"Lawrence, TN",TN,47099,179.5
"Lewis, TN",TN,47101,184.2
"Lincoln, TN",TN,47103,145
"Loudon, TN",TN,47105,128.5
"McMinn, TN",TN,47107,190.2
"McNairy, TN",TN,47109,194.6
"Macon, TN",TN,47111,145.7
"Madison, TN",TN,47113,166
"Marion, TN",TN,47115,165.2
"Marshall, TN",TN,47117,161
"Maury, TN",TN,47119,156.9
"Meigs, TN",TN,47121,–
"Monroe, TN",TN,47123,137.3
"Montgomery, TN",TN,47125,93.3
"Moore, TN",TN,47127,9.7
"Morgan, TN",TN,47129,152
"Obion, TN",TN,47131,147.6
"Overton, TN",TN,47133,119.8
"Perry, TN",TN,47135,98
"Pickett, TN",TN,47137,171
"Polk, TN",TN,47139,30.9
"Putnam, TN",TN,47141,164.5
"Rhea, TN",TN,47143,159.9
"Roane, TN",TN,47145,176.2
"Robertson, TN",TN,47147,159.2
"Rutherford, TN",TN,47149,110
"Scott, TN",TN,47151,123.6
"Sequatchie, TN",TN,47153,240
"Sevier, TN",TN,47155,145.2
"Shelby, TN",TN,47157,93.9
"Smith, TN",TN,47159,191
"Stewart, TN",TN,47161,46.9
"Sullivan, TN",TN,47163,238.1
"Sumner, TN",TN,47165,111.5
"Tipton, TN",TN,47167,92
"Trousdale, TN",TN,47169,226.3
"Unicoi, TN",TN,47171,262.3
"Union, TN",TN,47173,146.4
"Van Buren, TN",TN,47175,–
"Warren, TN",TN,47177,221.7
"Washington, TN",TN,47179,177.3
"Wayne, TN",TN,47181,188.5
"Weakley, TN",TN,47183,86
"White, TN",TN,47185,155.4
"Williamson, TN",TN,47187,70.5
"Wilson, TN",TN,47189,101.9
"Anderson, TX",TX,48001,99.9
"Andrews, TX",TX,48003,63.6
"Angelina, TX",TX,48005,128.5
"Aransas, TX",TX,48007,100.3
"Archer, TX",TX,48009,–
"Armstrong, TX",TX,48011,5.7
"Atascosa, TX",TX,48013,87.4
"Austin, TX",TX,48015,49
"Bailey, TX",TX,48017,78.1
"Bandera, TX",TX,48019,–
"Bastrop, TX",TX,48021,71.8
"Baylor, TX",TX,48023,50.8
"Bee, TX",TX,48025,62.8
"Bell, TX",TX,48027,61.2
"Bexar, TX",TX,48029,65.4
"Blanco, TX",TX,48031,–
"Borden, TX",TX,48033,–
"Bosque, TX",TX,48035,51.1
"Bowie, TX",TX,48037,184
"Brazoria, TX",TX,48039,74.2
"Brazos, TX",TX,48041,72.6
"Brewster, TX",TX,48043,93.9
"Briscoe, TX",TX,48045,–
"Brooks, TX",TX,48047,73.2
"Brown, TX",TX,48049,135.6
"Burleson, TX",TX,48051,43.5
"Burnet, TX",TX,48053,106.2
"Caldwell, TX",TX,48055,55.8
"Calhoun, TX",TX,48057,89.4
"Callahan, TX",TX,48059,–
"Cameron, TX",TX,48061,41.2
"Camp, TX",TX,48063,155.5
"Carson, TX",TX,48065,–
"Cass, TX",TX,48067,20.9
"Castro, TX",TX,48069,–
"Chambers, TX",TX,48071,1
"Cherokee, TX",TX,48073,60.2
"Childress, TX",TX,48075,171
"Clay, TX",TX,48077,–
"Cochran, TX",TX,48079,–
"Coke, TX",TX,48081,–
"Coleman, TX",TX,48083,23.6
"Collin, TX",TX,48085,66.3
"Collingsworth, TX",TX,48087,–
"Colorado, TX",TX,48089,77
"Comal, TX",TX,48091,90.7
"Comanche, TX",TX,48093,61
"Concho, TX",TX,48095,–
"Cooke, TX",TX,48097,110.2
"Coryell, TX",TX,48099,64.7
"Cottle, TX",TX,48101,–
"Crane, TX",TX,48103,58.1
"Crockett, TX",TX,48105,–
"Crosby, TX",TX,48107,12.3
"Culberson, TX",TX,48109,–
"Dallam, TX",TX,48111,121.5
"Dallas, TX",TX,48113,63.7
"Dawson, TX",TX,48115,69.6
"Deaf Smith, TX",TX,48117,60
"Delta, TX",TX,48119,–
"Denton, TX",TX,48121,74.6
"DeWitt, TX",TX,48123,68
"Dickens, TX",TX,48125,–
"Dimmit, TX",TX,48127,83.3
"Donley, TX",TX,48129,–
"Duval, TX",TX,48131,8.2
"Eastland, TX",TX,48133,84.7
"Ector, TX",TX,48135,79
"Edwards, TX",TX,48137,–
"Ellis, TX",TX,48139,80.2
"El Paso, TX",TX,48141,40.5
"Erath, TX",TX,48143,88.8
"Falls, TX",TX,48145,54.4
"Fannin, TX",TX,48147,34.9
"Fayette, TX",TX,48149,59.5
"Fisher, TX",TX,48151,–
"Floyd, TX",TX,48153,15.1
"Foard, TX",TX,48155,62.9
"Fort Bend, TX",TX,48157,48.1
"Franklin, TX",TX,48159,–
"Freestone, TX",TX,48161,52.3
"Frio, TX",TX,48163,40.4
"Gaines, TX",TX,48165,51.3
"Galveston, TX",TX,48167,96.9
"Garza, TX",TX,48169,–
"Gillespie, TX",TX,48171,93.4
"Glasscock, TX",TX,48173,–
"Goliad, TX",TX,48175,32.8
"Gonzales, TX",TX,48177,57.6
"Gray, TX",TX,48179,136.5
"Grayson, TX",TX,48181,139.1
"Gregg, TX",TX,48183,203.4
"Grimes, TX",TX,48185,24.9
"Guadalupe, TX",TX,48187,52.2
"Hale, TX",TX,48189,66.3
"Hall, TX",TX,48191,–
"Hamilton, TX",TX,48193,–
"Hansford, TX",TX,48195,–
"Hardeman, TX",TX,48197,76.8
"Hardin, TX",TX,48199,100.6
"Harris, TX",TX,48201,69.9
"Harrison, TX",TX,48203,80.3
"Hartley, TX",TX,48205,–
"Haskell, TX",TX,48207,–
"Hays, TX",TX,48209,61.7
"Hemphill, TX",TX,48211,–
"Henderson, TX",TX,48213,84.5
"Hidalgo, TX",TX,48215,38.9
"Hill, TX",TX,48217,87.6
"Hockley, TX",TX,48219,101.4
"Hood, TX",TX,48221,124.9
"Hopkins, TX",TX,48223,153.8
"Houston, TX",TX,48225,69.6
"Howard, TX",TX,48227,72
"Hudspeth, TX",TX,48229,–
"Hunt, TX",TX,48231,114.3
"Hutchinson, TX",TX,48233,71.7
"Irion, TX",TX,48235,–
"Jack, TX",TX,48237,–
"Jackson, TX",TX,48239,72.5
"Jasper, TX",TX,48241,71.8
"Jeff Davis, TX",TX,48243,–
"Jefferson, TX",TX,48245,104.1
"Jim Hogg, TX",TX,48247,–
"Jim Wells, TX",TX,48249,93.6
"Johnson, TX",TX,48251,84.2
"Jones, TX",TX,48253,24.5
"Karnes, TX",TX,48255,51.7
"Kaufman, TX",TX,48257,98.8
"Kendall, TX",TX,48259,85.1
"Kenedy, TX",TX,48261,–
"Kent, TX",TX,48263,–
"Kerr, TX",TX,48265,117.3
"Kimble, TX",TX,48267,94.8
"King, TX",TX,48269,–
"Kinney, TX",TX,48271,–
"Kleberg, TX",TX,48273,71
"Knox, TX",TX,48275,–
"Lamar, TX",TX,48277,171.8
"Lamb, TX",TX,48279,53.5
"Lampasas, TX",TX,48281,9.6
"La Salle, TX",TX,48283,–
"Lavaca, TX",TX,48285,81.2
"Lee, TX",TX,48287,21.7
"Leon, TX",TX,48289,1.9
"Liberty, TX",TX,48291,167.1
"Limestone, TX",TX,48293,102.2
"Lipscomb, TX",TX,48295,–
"Live Oak, TX",TX,48297,–
"Llano, TX",TX,48299,105.9
"Loving, TX",TX,48301,–
"Lubbock, TX",TX,48303,87.5
"Lynn, TX",TX,48305,–
"McCulloch, TX",TX,48307,51.6
"McLennan, TX",TX,48309,94.3
"McMullen, TX",TX,48311,–
"Madison, TX",TX,48313,67.6
"Marion, TX",TX,48315,–
"Martin, TX",TX,48317,–
"Mason, TX",TX,48319,–
"Matagorda, TX",TX,48321,74.6
"Maverick, TX",TX,48323,32
"Medina, TX",TX,48325,34
"Menard, TX",TX,48327,54.8
"Midland, TX",TX,48329,70.2
"Milam, TX",TX,48331,87.6
"Mills, TX",TX,48333,–
"Mitchell, TX",TX,48335,–
"Montague, TX",TX,48337,97.3
"Montgomery, TX",TX,48339,81.7
"Moore, TX",TX,48341,42.1
"Morris, TX",TX,48343,14.4
"Motley, TX",TX,48345,–
"Nacogdoches, TX",TX,48347,107.3
"Navarro, TX",TX,48349,90.4
"Newton, TX",TX,48351,49.3
"Nolan, TX",TX,48353,116.9
"Nueces, TX",TX,48355,92.2
"Ochiltree, TX",TX,48357,87.1
"Oldham, TX",TX,48359,–
"Orange, TX",TX,48361,116.2
"Palo Pinto, TX",TX,48363,124.6
"Panola, TX",TX,48365,86
"Parker, TX",TX,48367,67
"Parmer, TX",TX,48369,–
"Pecos, TX",TX,48371,61.7
"Polk, TX",TX,48373,93.9
"Potter, TX",TX,48375,94.9
"Presidio, TX",TX,48377,–
"Rains, TX",TX,48379,–
"Randall, TX",TX,48381,79.2
"Reagan, TX",TX,48383,36.9
"Real, TX",TX,48385,–
"Red River, TX",TX,48387,35.6
"Reeves, TX",TX,48389,71.2
"Refugio, TX",TX,48391,–
"Roberts, TX",TX,48393,–
"Robertson, TX",TX,48395,18
"Rockwall, TX",TX,48397,76.5
"Runnels, TX",TX,48399,50
"Rusk, TX",TX,48401,64.3
"Sabine, TX",TX,48403,–
"San Augustine, TX",TX,48405,119.9
"San Jacinto, TX",TX,48407,8.5
"San Patricio, TX",TX,48409,76.4
"San Saba, TX",TX,48411,67.4
"Schleicher, TX",TX,48413,–
"Scurry, TX",TX,48415,86.9
"Shackelford, TX",TX,48417,–
"Shelby, TX",TX,48419,112.8
"Sherman, TX",TX,48421,42.2
"Smith, TX",TX,48423,132.9
"Somervell, TX",TX,48425,118.5
"Starr, TX",TX,48427,24.3
"Stephens, TX",TX,48429,121.3
"Sterling, TX",TX,48431,–
"Stonewall, TX",TX,48433,–
"Sutton, TX",TX,48435,–
"Swisher, TX",TX,48437,–
"Tarrant, TX",TX,48439,79.9
"Taylor, TX",TX,48441,139.3
"Terrell, TX",TX,48443,–
"Terry, TX",TX,48445,56.7
"Throckmorton, TX",TX,48447,–
"Titus, TX",TX,48449,107.6
"Tom Green, TX",TX,48451,103.1
"Travis, TX",TX,48453,72.2
"Trinity, TX",TX,48455,49.1
"Tyler, TX",TX,48457,18.7
"Upshur, TX",TX,48459,10.8
"Upton, TX",TX,48461,–
"Uvalde, TX",TX,48463,78.4
"Val Verde, TX",TX,48465,43.6
"Van Zandt, TX",TX,48467,79.8
"Victoria, TX",TX,48469,109.6
"Walker, TX",TX,48471,75.9
"Waller, TX",TX,48473,19.3
"Ward, TX",TX,48475,72.7
"Washington, TX",TX,48477,75.1
"Webb, TX",TX,48479,34.1
"Wharton, TX",TX,48481,74.9
"Wheeler, TX",TX,48483,70.6
"Wichita, TX",TX,48485,132.5
"Wilbarger, TX",TX,48487,191.5
"Willacy, TX",TX,48489,4
"Williamson, TX",TX,48491,75.4
"Wilson, TX",TX,48493,51.6
"Winkler, TX",TX,48495,86
"Wise, TX",TX,48497,21.4
"Wood, TX",TX,48499,53.6
"Yoakum, TX",TX,48501,78.1
"Young, TX",TX,48503,97.7
"Zapata, TX",TX,48505,–
"Zavala, TX",TX,48507,37.5
"Beaver, UT",UT,49001,94
"Box Elder, UT",UT,49003,84.5
"Cache, UT",UT,49005,61.4
"Carbon, UT",UT,49007,185.3
"Daggett, UT",UT,49009,–
"Davis, UT",UT,49011,81.5
"Duchesne, UT",UT,49013,62.9
"Emery, UT",UT,49015,126.9
"Garfield, UT",UT,49017,79.9
"Grand, UT",UT,49019,144
"Iron, UT",UT,49021,95
"Juab, UT",UT,49023,90.7
"Kane, UT",UT,49025,132.5
"Millard, UT",UT,49027,95.6
"Morgan, UT",UT,49029,40.2
"Piute, UT",UT,49031,–
"Rich, UT",UT,49033,12.6
"Salt Lake, UT",UT,49035,91.3
"San Juan, UT",UT,49037,33.2
"Sanpete, UT",UT,49039,95.8
"Sevier, UT",UT,49041,121.5
"Summit, UT",UT,49043,78.3
"Tooele, UT",UT,49045,97.3
"Uintah, UT",UT,49047,99.8
"Utah, UT",UT,49049,73.7
"Wasatch, UT",UT,49051,85.5
"Washington, UT",UT,49053,97.2
"Wayne, UT",UT,49055,–
"Weber, UT",UT,49057,95.7
"Accomack, VA",VA,51001,65.7
"Albemarle, VA",VA,51003,77.1
"Alleghany, VA",VA,51005,73
"Amelia, VA",VA,51007,58.1
"Amherst, VA",VA,51009,83.2
"Appomattox, VA",VA,51011,116.8
"Arlington, VA",VA,51013,29
"Augusta, VA",VA,51015,36.8
"Bath, VA",VA,51017,66.8
"Bedford, VA",VA,51019,43.2
"Bland, VA",VA,51021,74.3
"Botetourt, VA",VA,51023,39.3
"Brunswick, VA",VA,51025,24.7
"Buchanan, VA",VA,51027,83.9
"Buckingham, VA",VA,51029,5.6
"Campbell, VA",VA,51031,38.7
"Caroline, VA",VA,51033,19.7
"Carroll, VA",VA,51035,53.6
"Charles City, VA",VA,51036,–
"Charlotte, VA",VA,51037,38.9
"Chesterfield, VA",VA,51041,75.4
"Clarke, VA",VA,51043,11
"Craig, VA",VA,51045,–
"Culpeper, VA",VA,51047,95.9
"Cumberland, VA",VA,51049,10.8
"Dickenson, VA",VA,51051,194.9
"Dinwiddie, VA",VA,51053,5.1
"Essex, VA",VA,51057,86.6
"Fairfax, VA",VA,51059,37.1
"Fauquier, VA",VA,51061,99.9
"Floyd, VA",VA,51063,68.3
"Fluvanna, VA",VA,51065,40.8
"Franklin, VA",VA,51067,107.2
"Frederick, VA",VA,51069,42.1
"Giles, VA",VA,51071,163.8
"Gloucester, VA",VA,51073,90.6
"Goochland, VA",VA,51075,32.3
"Grayson, VA",VA,51077,28.1
"Greene, VA",VA,51079,–
"Greensville, VA",VA,51081,–
"Halifax, VA",VA,51083,66.1
"Hanover, VA",VA,51085,79
"Henrico, VA",VA,51087,84.9
"Henry, VA",VA,51089,72.7
"Highland, VA",VA,51091,–
"Isle of Wight, VA",VA,51093,51.5
"James City, VA",VA,51095,114.1
"King and Queen, VA",VA,51097,–
"King George, VA",VA,51099,28.7
"King William, VA",VA,51101,42.7
"Lancaster, VA",VA,51103,147.1
"Lee, VA",VA,51105,138.5
"Loudoun, VA",VA,51107,42.9
"Louisa, VA",VA,51109,58.1
"Lunenburg, VA",VA,51111,–
"Madison, VA",VA,51113,–
"Mathews, VA",VA,51115,30.9
"Mecklenburg, VA",VA,51117,93.9
"Middlesex, VA",VA,51119,–
"Montgomery, VA",VA,51121,81.8
"Nelson, VA",VA,51125,36.3
"New Kent, VA",VA,51127,57.7
"Northampton, VA",VA,51131,109.5
"Northumberland, VA",VA,51133,31.4
"Nottoway, VA",VA,51135,68.3
"Orange, VA",VA,51137,87
"Page, VA",VA,51139,87
"Patrick, VA",VA,51141,101
"Pittsylvania, VA",VA,51143,23.5
"Powhatan, VA",VA,51145,48.3
"Prince Edward, VA",VA,51147,117
"Prince George, VA",VA,51149,–
"Prince William, VA",VA,51153,45.9
"Pulaski, VA",VA,51155,168.8
"Rappahannock, VA",VA,51157,–
"Richmond, VA",VA,51159,52
"Roanoke, VA",VA,51161,98.8
"Rockbridge, VA",VA,51163,–
"Rockingham, VA",VA,51165,30.5
"Russell, VA",VA,51167,154.2
"Scott, VA",VA,51169,142.7
"Shenandoah, VA",VA,51171,69.5
"Smyth, VA",VA,51173,123.8
"Southampton, VA",VA,51175,4.8
"Spotsylvania, VA",VA,51177,77.8
"Stafford, VA",VA,51179,64.8
"Surry, VA",VA,51181,–
"Sussex, VA",VA,51183,28.9
"Tazewell, VA",VA,51185,191.3
"Warren, VA",VA,51187,111.4
"Washington, VA",VA,51191,182.4
"Westmoreland, VA",VA,51193,57
"Wise, VA",VA,51195,221.2
"Wythe, VA",VA,51197,112.4
"York, VA",VA,51199,50.5
"Alexandria, VA",VA,51510,40.9
"Bedford City, VA",VA,51515,–
"Bristol, VA",VA,51520,224.7
"Buena Vista, VA",VA,51530,82
"Charlottesville, VA",VA,51540,79.6
"Chesapeake, VA",VA,51550,85
"Colonial Heights, VA",VA,51570,276.2
"Covington, VA",VA,51580,291.8
"Danville, VA",VA,51590,195.5
"Emporia, VA",VA,51595,239.9
"Fairfax City, VA",VA,51600,95.7
"Falls Church, VA",VA,51610,98.5
"Franklin City, VA",VA,51620,205.4
"Fredericksburg, VA",VA,51630,216.8
"Galax, VA",VA,51640,398.5
"Hampton, VA",VA,51650,88.7
"Harrisonburg, VA",VA,51660,135.4
"Hopewell, VA",VA,51670,172.4
"Lexington, VA",VA,51678,279.9
"Lynchburg, VA",VA,51680,171.2
"Manassas, VA",VA,51683,116
"Manassas Park, VA",VA,51685,–
"Martinsville, VA",VA,51690,520.1
"Newport News, VA",VA,51700,76.8
"Norfolk, VA",VA,51710,65.4
"Norton, VA",VA,51720,300.9
"Petersburg, VA",VA,51730,135.4
"Poquoson, VA",VA,51735,108
"Portsmouth, VA",VA,51740,101.3
"Radford, VA",VA,51750,140.7
"Richmond City, VA",VA,51760,65.1
"Roanoke City, VA",VA,51770,141.6
"Salem, VA",VA,51775,250.5
"Staunton, VA",VA,51790,203.2
"Suffolk, VA",VA,51800,84.3
"Virginia Beach, VA",VA,51810,67.2
"Waynesboro, VA",VA,51820,222.3
"Williamsburg, VA",VA,51830,–
"Winchester, VA",VA,51840,306.6
"Addison, VT",VT,50001,26.1
"Bennington, VT",VT,50003,71.3
"Caledonia, VT",VT,50005,46.8
"Chittenden, VT",VT,50007,50.7
"Essex, VT",VT,50009,–
"Franklin, VT",VT,50011,52.9
"Grand Isle, VT",VT,50013,35.4
"Lamoille, VT",VT,50015,38.1
"Orange, VT",VT,50017,29.8
"Orleans, VT",VT,50019,33.9
"Rutland, VT",VT,50021,89.6
"Washington, VT",VT,50023,51.2
"Windham, VT",VT,50025,86.6
"Windsor, VT",VT,50027,55.6
"Adams, WA",WA,53001,20.2
"Asotin, WA",WA,53003,135.3
"Benton, WA",WA,53005,119.7
"Chelan, WA",WA,53007,123.3
"Clallam, WA",WA,53009,168.8
"Clark, WA",WA,53011,72.9
"Columbia, WA",WA,53013,105
"Cowlitz, WA",WA,53015,105.1
"Douglas, WA",WA,53017,68.4
"Ferry, WA",WA,53019,79.1
"Franklin, WA",WA,53021,75.9
"Garfield, WA",WA,53023,–
"Grant, WA",WA,53025,94.9
"Grays Harbor, WA",WA,53027,125.8
"Island, WA",WA,53029,48.5
"Jefferson, WA",WA,53031,86
"King, WA",WA,53033,71.1
"Kitsap, WA",WA,53035,80.9
"Kittitas, WA",WA,53037,68.7
"Klickitat, WA",WA,53039,30.8
"Lewis, WA",WA,53041,145.2
"Lincoln, WA",WA,53043,98.1
"Mason, WA",WA,53045,82.3
"Okanogan, WA",WA,53047,100.6
"Pacific, WA",WA,53049,161.4
"Pend Oreille, WA",WA,53051,148.4
"Pierce, WA",WA,53053,86.3
"San Juan, WA",WA,53055,16.5
"Skagit, WA",WA,53057,98.5
"Skamania, WA",WA,53059,68.3
"Snohomish, WA",WA,53061,99.9
"Spokane, WA",WA,53063,106.5
"Stevens, WA",WA,53065,85.5
"Thurston, WA",WA,53067,79.4
"Wahkiakum, WA",WA,53069,100.8
"Walla Walla, WA",WA,53071,90.6
"Whatcom, WA",WA,53073,82.6
"Whitman, WA",WA,53075,58.6
"Yakima, WA",WA,53077,80.6
"Adams, WI",WI,55001,42.1
"Ashland, WI",WI,55003,78.3
"Barron, WI",WI,55005,64.5
"Bayfield, WI",WI,55007,17.3
"Brown, WI",WI,55009,70.5
"Buffalo, WI",WI,55011,6.8
"Burnett, WI",WI,55013,66.4
"Calumet, WI",WI,55015,10.4
"Chippewa, WI",WI,55017,54.6
"Clark, WI",WI,55019,20.4
"Columbia, WI",WI,55021,105.7
"Crawford, WI",WI,55023,83.1
"Dane, WI",WI,55025,66
"Dodge, WI",WI,55027,42.5
"Door, WI",WI,55029,56.8
"Douglas, WI",WI,55031,104.1
"Dunn, WI",WI,55033,59.7
"Eau Claire, WI",WI,55035,71.4
"Florence, WI",WI,55037,–
"Fond du Lac, WI",WI,55039,63.2
"Forest, WI",WI,55041,56.4
"Grant, WI",WI,55043,55
"Green, WI",WI,55045,56.6
"Green Lake, WI",WI,55047,62.5
"Iowa, WI",WI,55049,56.1
"Iron, WI",WI,55051,81.9
"Jackson, WI",WI,55053,28.6
"Jefferson, WI",WI,55055,77
"Juneau, WI",WI,55057,118.3
"Kenosha, WI",WI,55059,76.2
"Kewaunee, WI",WI,55061,26
"La Crosse, WI",WI,55063,74.2
"Lafayette, WI",WI,55065,15.6
"Langlade, WI",WI,55067,53
"Lincoln, WI",WI,55069,82.8
"Manitowoc, WI",WI,55071,63.3
"Marathon, WI",WI,55073,54
"Marinette, WI",WI,55075,74.9
"Marquette, WI",WI,55077,34
"Menominee, WI",WI,55078,–
"Milwaukee, WI",WI,55079,94.3
"Monroe, WI",WI,55081,66.8
"Oconto, WI",WI,55083,44.2
"Oneida, WI",WI,55085,111.2
"Outagamie, WI",WI,55087,71.3
"Ozaukee, WI",WI,55089,66.8
"Pepin, WI",WI,55091,86.2
"Pierce, WI",WI,55093,46.9
"Polk, WI",WI,55095,57.2
"Portage, WI",WI,55097,64.1
"Price, WI",WI,55099,59.3
"Racine, WI",WI,55101,82.9
"Richland, WI",WI,55103,15.3
"Rock, WI",WI,55105,77.2
"Rusk, WI",WI,55107,33.8
"St. Croix, WI",WI,55109,51.4
"Sauk, WI",WI,55111,88
"Sawyer, WI",WI,55113,68
"Shawano, WI",WI,55115,76.1
"Sheboygan, WI",WI,55117,71.1
"Taylor, WI",WI,55119,67.3
"Trempealeau, WI",WI,55121,41.1
"Vernon, WI",WI,55123,55.5
"Vilas, WI",WI,55125,85.8
"Walworth, WI",WI,55127,69.7
"Washburn, WI",WI,55129,59.5
"Washington, WI",WI,55131,73.1
"Waukesha, WI",WI,55133,73.5
"Waupaca, WI",WI,55135,81.4
"Waushara, WI",WI,55137,20.4
"Winnebago, WI",WI,55139,73.7
"Wood, WI",WI,55141,88.8
"Barbour, WV",WV,54001,108
"Berkeley, WV",WV,54003,107.1
"Boone, WV",WV,54005,204.2
"Braxton, WV",WV,54007,114.1
"Brooke, WV",WV,54009,135.8
"Cabell, WV",WV,54011,205.3
"Calhoun, WV",WV,54013,58.5
"Clay, WV",WV,54015,102.5
"Doddridge, WV",WV,54017,43.9
"Fayette, WV",WV,54019,120.9
"Gilmer, WV",WV,54021,92.5
"Grant, WV",WV,54023,121.2
"Greenbrier, WV",WV,54025,179.8
"Hampshire, WV",WV,54027,90.2
"Hancock, WV",WV,54029,156.3
"Hardy, WV",WV,54031,98.7
"Harrison, WV",WV,54033,162.5
"Jackson, WV",WV,54035,143
"Jefferson, WV",WV,54037,88.3
"Kanawha, WV",WV,54039,169
"Lewis, WV",WV,54041,155.8
"Lincoln, WV",WV,54043,68
"Logan, WV",WV,54045,320.3
"McDowell, WV",WV,54047,199
"Marion, WV",WV,54049,140.6
"Marshall, WV",WV,54051,174.3
"Mason, WV",WV,54053,146.8
"Mercer, WV",WV,54055,186.7
"Mineral, WV",WV,54057,121.6
"Mingo, WV",WV,54059,437.2
"Monongalia, WV",WV,54061,114.4
"Monroe, WV",WV,54063,27
"Morgan, WV",WV,54065,91
"Nicholas, WV",WV,54067,197
"Ohio, WV",WV,54069,130.4
"Pendleton, WV",WV,54071,81.6
"Pleasants, WV",WV,54073,98.4
"Pocahontas, WV",WV,54075,90.8
"Preston, WV",WV,54077,48.9
"Putnam, WV",WV,54079,114.6
"Raleigh, WV",WV,54081,205.3
"Randolph, WV",WV,54083,130.2
"Ritchie, WV",WV,54085,55.8
"Roane, WV",WV,54087,105.2
"Summers, WV",WV,54089,113.6
"Taylor, WV",WV,54091,90.7
"Tucker, WV",WV,54093,47.4
"Tyler, WV",WV,54095,28.5
"Upshur, WV",WV,54097,92
"Wayne, WV",WV,54099,102.4
"Webster, WV",WV,54101,109.8
"Wetzel, WV",WV,54103,136.5
"Wirt, WV",WV,54105,53.5
"Wood, WV",WV,54107,148.1
"Wyoming, WV",WV,54109,191.4
"Albany, WY",WY,56001,57
"Big Horn, WY",WY,56003,53.6
"Campbell, WY",WY,56005,91.6
"Carbon, WY",WY,56007,76.1
"Converse, WY",WY,56009,67.5
"Crook, WY",WY,56011,20.1
"Fremont, WY",WY,56013,77.7
"Goshen, WY",WY,56015,57.6
"Hot Springs, WY",WY,56017,126.1
"Johnson, WY",WY,56019,66.2
"Laramie, WY",WY,56021,80.4
"Lincoln, WY",WY,56023,61.2
"Natrona, WY",WY,56025,97.4
"Niobrara, WY",WY,56027,–
"Park, WY",WY,56029,101.5
"Platte, WY",WY,56031,40.8
"Sheridan, WY",WY,56033,102.5
"Sublette, WY",WY,56035,85.9
"Sweetwater, WY",WY,56037,86.5
"Teton, WY",WY,56039,77.3
"Uinta, WY",WY,56041,94.1
"Washakie, WY",WY,56043,86.2
"Weston, WY",WY,56045,44.3